Title,URL,Replies
"‚≠êNEW CRACKED ACCOUNTS! COOKIES, GMAIL, STEAM, TIKTOK, TWITCH, YOUTUBE‚ú®",https://darkforums.st/archive/index.php?thread-17893.html,32 Replies
"2626 tiktok,outlook.gmail,yahoo,amazon,linkedln,Minecraft etc",https://darkforums.st/archive/index.php?thread-2601.html,77 Replies
MAKE $1000 IN 20 MINUTES ‚ú® NEW METHOD ‚ù£Ô∏è,https://darkforums.st/archive/index.php?thread-18499.html,6 Replies
X7 NORD VPN PREMIUM ACCOUNTS,https://darkforums.st/archive/index.php?thread-15673.html,12 Replies
‚ù§Ô∏èNETFLIX‚ù§Ô∏èX620‚ù§Ô∏èPREMIUM ACCOUNTS‚ù§Ô∏èFULL CAPTURE‚ù§Ô∏èHURRY UP‚ù§Ô∏èGRAB NOW‚ù§Ô∏è,https://darkforums.st/archive/index.php?thread-15120.html,41 Replies
x1100 Cpanel + WordPress,https://darkforums.st/archive/index.php?thread-184.html,75 Replies
X39 DISNEY+ PREMIUM ACCOUNTS,https://darkforums.st/archive/index.php?thread-19880.html,9 Replies
‚öïÔ∏è[‚ö°INSTAGRAM‚ö°] - x4312¬†INSTAGRAM¬†ACCOUNTS EMAIL:PASS [‚ú≥Ô∏èDAILY/WEEK ACCOUNTS‚ú≥Ô∏è]‚öïÔ∏è,https://darkforums.st/archive/index.php?thread-2685.html,143 Replies
"Mega cookies tiktok,yahoo,gmail,coinbase etc more 10-29-2023 all fresh",https://darkforums.st/archive/index.php?thread-2319.html,17 Replies
NETFLIX PREMIUM ACCOUNTS,https://darkforums.st/archive/index.php?thread-15812.html,71 Replies
"‚≠êNEW CRACKED ACCOUNTS! COOKIES, AMAZON, GMAIL, TIKTOK, STEAM, YOUTUBE‚ú®",https://darkforums.st/archive/index.php?thread-16665.html,12 Replies
X500 CRUNCHYROLL PREMIUM ACCOUNTS,https://darkforums.st/archive/index.php?thread-19978.html,7 Replies
‚≠ê 9 ‚≠ê Paramount+ Premium Accounts,https://darkforums.st/archive/index.php?thread-19251.html,10 Replies
CASHAPP ACCOUNTS NEW & SSN VERIFIED | VCC + DIRECT DEPOSIT,https://darkforums.st/archive/index.php?thread-10179.html,57 Replies
X25 MULLVAD VPN PREMIUM KEY,https://darkforums.st/archive/index.php?thread-17361.html,33 Replies
X5 SPOTIFY PREMIUM ACCOUNTS,https://darkforums.st/archive/index.php?thread-15814.html,24 Replies
MAKE $1000 IN 20 MINUTES ‚ú® NEW METHOD ‚ù£Ô∏è,https://darkforums.st/archive/index.php?thread-18859.html,9 Replies
"‚≠êNEW CRACKED ACCOUNTS! COOKIES, AMAZON, GMAIL, TIKTOK, STEAM, TWITCH‚ú®",https://darkforums.st/archive/index.php?thread-17009.html,10 Replies
*Ô∏è‚É£‚ú¥Ô∏è 14x SPOTIFY PREMUIM [INVITE LINK] ‚ú¥Ô∏è*Ô∏è‚É£,https://darkforums.st/archive/index.php?thread-20011.html,13 Replies
X3 EXPRESS VPN PREMIUM ACCOUNTS,https://darkforums.st/archive/index.php?thread-20881.html,0 Replies
X3 EXPRESS VPN PREMIUM ACCOUNTS,https://darkforums.st/archive/index.php?thread-20880.html,0 Replies
X3 EXPRESS VPN PREMIUM ACCOUNTS,https://darkforums.st/archive/index.php?thread-20879.html,0 Replies
Saudi Arabia saj.org.sa Cpanel Access,https://darkforums.st/archive/index.php?thread-2990.html,48 Replies
X5 EXPRESSVPN PREMIUM ACCOUNTS,https://darkforums.st/archive/index.php?thread-15286.html,5 Replies
x17 EXPRESS VPN PREMIUM ACCOUNTS,https://darkforums.st/archive/index.php?thread-16369.html,6 Replies
X4 EXPRESSVPN PREMIUM ACCOUNTS,https://darkforums.st/archive/index.php?thread-15972.html,4 Replies
x107 CHATGPT FRESH ACCOUNTS | Unchecked,https://darkforums.st/archive/index.php?thread-3668.html,103 Replies
x15 Express VPN Premium Accounts,https://darkforums.st/archive/index.php?thread-29.html,36 Replies
EXPRESS VPN KEY FOR PC,https://darkforums.st/archive/index.php?thread-19439.html,2 Replies
‚öîÔ∏è[‚õîCANVA‚õî] - x1294¬†CANVA¬†ACCOUNTS EMAIL:PASS [‚ú≥Ô∏èDAILY/WEEK ACCOUNTS‚ú≥Ô∏è]‚öîÔ∏è,https://darkforums.st/archive/index.php?thread-2688.html,8 Replies
CANVA PRO,https://darkforums.st/archive/index.php?thread-17282.html,24 Replies
‚úîÔ∏è‚úÖ‚≠ê[‚ò¢Ô∏èTIKTOK‚ò¢Ô∏è] - x1109¬†TIKTOK COOKIES ¬†[‚òÑÔ∏èFRESHLY CHECKED‚òÑÔ∏è]‚úîÔ∏è‚úÖ‚≠ê,https://darkforums.st/archive/index.php?thread-2703.html,15 Replies
x2958 Smspva.com Accounts x2958 With Capture Balance (For Sms OTP verification),https://darkforums.st/archive/index.php?thread-17170.html,13 Replies
x200 Steam accounts Fresh+ games,https://darkforums.st/archive/index.php?thread-333.html,81 Replies
[1500x] Steam Accounts,https://darkforums.st/archive/index.php?thread-1155.html,47 Replies
Changelly Exchange Glitch (FREE MONEY),https://darkforums.st/archive/index.php?thread-18714.html,6 Replies
100% fresh paypal account with big balance,https://darkforums.st/archive/index.php?thread-108.html,252 Replies
X57 XBOX.COM VALID W/CAPTURE,https://darkforums.st/archive/index.php?thread-16392.html,14 Replies
‚≠ê680 ‚≠êPAYPAL‚≠ê ACCOUNTS | FRESH MAIL-PASS ‚òÑÔ∏è‚òÑÔ∏è,https://darkforums.st/archive/index.php?thread-19259.html,32 Replies
IPTV PREMIUM 50K+ WITH MOVIE & SHOWS,https://darkforums.st/archive/index.php?thread-19146.html,2 Replies
I need to help!!!,https://darkforums.st/archive/index.php?thread-20703.html,0 Replies
"441K LOGS binance,blockchain,coinbase.",https://darkforums.st/archive/index.php?thread-1952.html,138 Replies
‚úîÔ∏è‚úÖ‚≠ê[‚ù§Ô∏èNETFLIX‚ù§Ô∏è] - x582¬†NETFLIX COOKIES ACCOUNTS [‚òÑÔ∏èFRESHLY CHECKED‚òÑÔ∏è] DAY 72‚úîÔ∏è‚úÖ‚≠ê,https://darkforums.st/archive/index.php?thread-2480.html,35 Replies
1K Premium Netflix Accounts,https://darkforums.st/archive/index.php?thread-147.html,193 Replies
300 Netflix Accounts (UHQ Gold mail:pass),https://darkforums.st/archive/index.php?thread-725.html,88 Replies
2030X PREMIUM NETFLIX ACCOUNTS || ALL WORKING || UHD-4K || 2 JAN 2023,https://darkforums.st/archive/index.php?thread-188.html,59 Replies
"Combo x107 Netflix Cookies,spotify,facebook etc",https://darkforums.st/archive/index.php?thread-2666.html,12 Replies
Disney Plus Full Capture 36X,https://darkforums.st/archive/index.php?thread-28.html,15 Replies
Disneyplus Premium #3,https://darkforums.st/archive/index.php?thread-16360.html,6 Replies
x74 Crunchyroll Premuim Accounts,https://darkforums.st/archive/index.php?thread-19925.html,7 Replies
x30 Patched.to Accounts,https://darkforums.st/archive/index.php?thread-12459.html,5 Replies
‚ù§Ô∏èOffice 2016 Pro Plus VL_MAK‚ù§Ô∏èX1‚ù§Ô∏èPREMIUM KEY‚ù§Ô∏èHURRY UP‚ù§Ô∏èGRAB NOW‚ù§Ô∏è,https://darkforums.st/archive/index.php?thread-12111.html,3 Replies
X6 IPVANISH VPN PREMIUM ACCOUNTS,https://darkforums.st/archive/index.php?thread-19780.html,6 Replies
‚≠êFREE 500$ GIFTCARDS METHOD‚≠ê,https://darkforums.st/archive/index.php?thread-18871.html,11 Replies
Disneyplus Premium #2,https://darkforums.st/archive/index.php?thread-16359.html,3 Replies
‚≠êx1050 HOTMAIL ACCOUNTS ‚ù§Ô∏è FRESH HITS ‚ù§Ô∏è,https://darkforums.st/archive/index.php?thread-13333.html,14 Replies
‚õî[‚úîÔ∏èSPOTIFY‚úîÔ∏è] - x3246¬†SPOTIFY¬†ACCOUNTS EMAIL:PASS [‚ú≥Ô∏èDAILY/WEEK ACCOUNTS‚ú≥Ô∏è]‚õî,https://darkforums.st/archive/index.php?thread-2615.html,33 Replies
X10 CYBERGHOST VPN PREMIUM ACCOUNTS,https://darkforums.st/archive/index.php?thread-16727.html,6 Replies
GOOSE VPN PREMIUM ACCOUNTS,https://darkforums.st/archive/index.php?thread-17265.html,4 Replies
X5 IPVANISH VPN PREMIUM ACCOUNTS,https://darkforums.st/archive/index.php?thread-15680.html,5 Replies
PUREVPN PREMIUM ACCOUNTS,https://darkforums.st/archive/index.php?thread-19917.html,8 Replies
‚ö°Ô∏èChangelly.com Backend Exploit‚ö°Ô∏èMake $500+ in a few MINUTES‚ö°Ô∏è,https://darkforums.st/archive/index.php?thread-19079.html,6 Replies
50000+ Gmail Fresh,https://darkforums.st/archive/index.php?thread-55.html,80 Replies
X2200 ROBLOX ACCOUNTS,https://darkforums.st/archive/index.php?thread-186.html,82 Replies
45K cracked.io Accounts. (fresh + old),https://darkforums.st/archive/index.php?thread-3338.html,41 Replies
‚ú®[‚ò¢Ô∏èCRUNCHYROLL‚ò¢Ô∏è] - x1310¬†CRUNCHYROLL¬†ACCOUNTS EMAIL:PASS [‚ú≥Ô∏èDAILY/WEEK ACCOUNTS‚ú≥Ô∏è]‚ú®,https://darkforums.st/archive/index.php?thread-2656.html,3 Replies
25K CRUNCHYROLL ACCOUNT,https://darkforums.st/archive/index.php?thread-6546.html,2 Replies
X3 NORDVPN PREMIUM ACCOUNST,https://darkforums.st/archive/index.php?thread-15090.html,2 Replies
x220 Nordvpn Accounts (2023-2026),https://darkforums.st/archive/index.php?thread-236.html,126 Replies
X16 NORDVPN PREMIUM ACCOUNTS,https://darkforums.st/archive/index.php?thread-15247.html,21 Replies
x27 NORDVPN Premium Accounts With Capture,https://darkforums.st/archive/index.php?thread-3667.html,32 Replies
x13 CrunchyRoll Premium Accounts With Full Capture,https://darkforums.st/archive/index.php?thread-13724.html,3 Replies
x20 Crax.pro Accounts,https://darkforums.st/archive/index.php?thread-12408.html,5 Replies
‚ù§Ô∏èBRAZIL‚ù§Ô∏è148K‚ù§Ô∏èUHQ COMBO‚ù§Ô∏èHURRY UP‚ù§Ô∏èGRAB NOW‚ù§Ô∏è,https://darkforums.st/archive/index.php?thread-15403.html,3 Replies
x15 sms-activate.io Accounts,https://darkforums.st/archive/index.php?thread-12993.html,30 Replies
MAKE $1000 IN 20 MINUTES ‚ú® NEW METHOD ‚ù£Ô∏è,https://darkforums.st/archive/index.php?thread-18018.html,2 Replies
x1180 MEGA.NZ ACCOUNTS [FULL LOGS] valid,https://darkforums.st/archive/index.php?thread-125.html,28 Replies
‚ù§Ô∏èMicrosoft Office 2024 Pro Plus VL_MAK_AE2‚ù§Ô∏èX1‚ù§Ô∏èPREMIUM KEY‚ù§Ô∏èHURRY UP‚ù§Ô∏èGRAB NOW‚ù§Ô∏è,https://darkforums.st/archive/index.php?thread-12105.html,3 Replies
‚ù§Ô∏èMicrosoft Office 2024 Pro Plus VL_MAK_AE2‚ù§Ô∏èX2‚ù§Ô∏èPREMIUM KEYS‚ù§Ô∏èHURRY UP‚ù§Ô∏èGRAB NOW‚ù§Ô∏è,https://darkforums.st/archive/index.php?thread-11761.html,6 Replies
‚ù§Ô∏èWindows 7 All Volume Editions VL:MAK‚ù§Ô∏èX1‚ù§Ô∏èPREMIUM KEY‚ù§Ô∏èHURRY UP‚ù§Ô∏èGRAB NOW‚ù§Ô∏è,https://darkforums.st/archive/index.php?thread-12094.html,1 Reply
‚ù§Ô∏èWindows Server 2016 RTM ServerStandard‚ù§Ô∏èX1‚ù§Ô∏èPREMIUM KEY‚ù§Ô∏èHURRY UP‚ù§Ô∏èGRAB NOW‚ù§Ô∏è,https://darkforums.st/archive/index.php?thread-12096.html,1 Reply
‚≠ê[‚ö°HBOMAX‚ö°] - x1996¬†HBOMAX¬†ACCOUNTS EMAIL:PASS [‚ú≥Ô∏èDAILY/WEEK ACCOUNTS‚ú≥Ô∏è]‚≠ê,https://darkforums.st/archive/index.php?thread-2659.html,11 Replies
‚ù§Ô∏èWindows 10/11 RTM Professional Volume:MAK‚ù§Ô∏èX5‚ù§Ô∏èPREMIUM KEYS‚ù§Ô∏èHURRY UP‚ù§Ô∏èGRAB NOW‚ù§Ô∏è,https://darkforums.st/archive/index.php?thread-12103.html,4 Replies
‚ù§Ô∏èESET HOME Security Premium‚ù§Ô∏èX13‚ù§Ô∏èPREMIUM KEYS‚ù§Ô∏èHURRY UP‚ù§Ô∏èGRAB NOW‚ù§Ô∏è,https://darkforums.st/archive/index.php?thread-12268.html,3 Replies
‚ù§Ô∏èWindows Server 2016 RTM ServerDatacenter ‚ù§Ô∏èX1‚ù§Ô∏èPREMIUM KEY‚ù§Ô∏èHURRY UP‚ù§Ô∏èGRAB NOW‚ù§Ô∏è,https://darkforums.st/archive/index.php?thread-12099.html,2 Replies
‚ù§Ô∏èWindows 10 RTM Professional/Education Volum‚ù§Ô∏èX4‚ù§Ô∏èPREMIUM KEYS‚ù§Ô∏èHURRY UP‚ù§Ô∏èGRAB NOW‚ù§Ô∏è,https://darkforums.st/archive/index.php?thread-12110.html,4 Replies
‚ù§Ô∏èOffice 2016 Pro Plus VL‚ù§Ô∏èX1‚ù§Ô∏èPREMIUM KEY‚ù§Ô∏èHURRY UP‚ù§Ô∏èGRAB NOW‚ù§Ô∏è,https://darkforums.st/archive/index.php?thread-12112.html,3 Replies
$500 Per Hour Method,https://darkforums.st/archive/index.php?thread-18698.html,3 Replies
x1400 Hotmail Cracked Hits,https://darkforums.st/archive/index.php?thread-12551.html,4 Replies
x1100 WP-ADMIN,https://darkforums.st/archive/index.php?thread-308.html,14 Replies
French Business accommodation services Admin,https://darkforums.st/archive/index.php?thread-3014.html,4 Replies
72X DISNEY+ ACCOUNTS,https://darkforums.st/archive/index.php?thread-196.html,16 Replies
x15 TOD TV Accounts,https://darkforums.st/archive/index.php?thread-12992.html,3 Replies
‚ù§Ô∏èMicrosoft Office 2021 Pro Plus VL:MAK_AE2‚ù§Ô∏èX2‚ù§Ô∏èPREMIUM KEYS‚ù§Ô∏èHURRY UP‚ù§Ô∏èGRAB NOW‚ù§Ô∏è,https://darkforums.st/archive/index.php?thread-12106.html,4 Replies
‚öïÔ∏è[‚ùÑÔ∏èPARAMOUNT‚ùÑÔ∏è] - x388¬†PARAMOUNTPLUS¬†ACCOUNTS EMAIL:PASS [‚ú≥Ô∏èDAILY/WEEK ACCOUNTS‚ú≥Ô∏è]‚öï,https://darkforums.st/archive/index.php?thread-2661.html,2 Replies
‚≠ê x2320 ‚≠ê‚ö° Hotmail Accounts ‚ö° Mixed Countries ‚ö°‚≠ê Fresh Hits ‚≠ê,https://darkforums.st/archive/index.php?thread-13332.html,4 Replies
‚ö°[‚úîÔ∏èPARAMOUNT‚úîÔ∏è] - x321 PARAMOUNTPLUS ACCOUNTS EMAIL:PASS [‚ú≥Ô∏èDAILY/WEEK ACCOUNTS‚ú≥Ô∏è]‚ö°,https://darkforums.st/archive/index.php?thread-2614.html,13 Replies
x200 PayPal Accounts with Balance,https://darkforums.st/archive/index.php?thread-143.html,90 Replies
x10 NETFLIX ACCOUNTS - FRESH # 8/12/2022,https://darkforums.st/archive/index.php?thread-56.html,20 Replies
x9 Gameseal Accounts,https://darkforums.st/archive/index.php?thread-12994.html,2 Replies
‚ù§Ô∏èWindows 10/11 RTM Professional Volume:MAK‚ù§Ô∏èX1‚ù§Ô∏èPREMIUM KEY‚ù§Ô∏èHURRY UP‚ù§Ô∏èGRAB NOW‚ù§Ô∏è,https://darkforums.st/archive/index.php?thread-14924.html,1 Reply
‚ù§Ô∏èPARAMOUNT PLUS‚ù§Ô∏èX756‚ù§Ô∏èPREMIUM ACCOUNTS‚ù§Ô∏èNO CAPTURE‚ù§Ô∏èHURRY UP‚ù§Ô∏èGRAB NOW‚ù§Ô∏è,https://darkforums.st/archive/index.php?thread-14937.html,1 Reply
‚ù§Ô∏èMail.zsthost.com‚ù§Ô∏èX50‚ù§Ô∏èPREMIUM ACCOUNTS‚ù§Ô∏èNO CAPTURE‚ù§Ô∏èHURRY UP‚ù§Ô∏èGRAB NOW‚ù§Ô∏è,https://darkforums.st/archive/index.php?thread-14938.html,2 Replies
x130 cPanel [WHMCS] Root / Admin / User,https://darkforums.st/archive/index.php?thread-51.html,33 Replies
X10 EXPRESS VPN PREMIUM ACCOUNTS,https://darkforums.st/archive/index.php?thread-15465.html,4 Replies
‚ù§Ô∏èCORP‚ù§Ô∏è11K‚ù§Ô∏èUHQ COMBO‚ù§Ô∏èHURRY UP‚ù§Ô∏èGRAB NOW‚ù§Ô∏è,https://darkforums.st/archive/index.php?thread-15405.html,4 Replies
Free Giftcards (Leak - July 2025),https://darkforums.st/archive/index.php?thread-16560.html,3 Replies
MAKE $1000 IN 20 MINUTES ‚ú® NEW METHOD ‚ù£Ô∏è,https://darkforums.st/archive/index.php?thread-16559.html,3 Replies
‚ù§Ô∏èBetway.co.za‚ù§Ô∏èX50‚ù§Ô∏èPREMIUM ACCOUNTS‚ù§Ô∏èFULL CAPTURE‚ù§Ô∏èHURRY UP‚ù§Ô∏èGRAB NOW‚ù§Ô∏è,https://darkforums.st/archive/index.php?thread-11814.html,12 Replies
978x PayPal Accounts,https://darkforums.st/archive/index.php?thread-204.html,109 Replies
X3 IPVANISH VPN PREMIUM ACCOUNTS,https://darkforums.st/archive/index.php?thread-16728.html,6 Replies
X4 EXPRESS VPN PREMIUM ACCOUNTS,https://darkforums.st/archive/index.php?thread-17301.html,2 Replies
X5 EXPRESS VPN MOBILE PREMIUM ACCOUNTS,https://darkforums.st/archive/index.php?thread-17503.html,2 Replies
"300,000,000 LinkLoginPass  15 millions urllogpass",https://darkforums.st/archive/index.php?thread-3001.html,9 Replies
x20 EXPRESS VPN PREMIUM ACCOUNTS,https://darkforums.st/archive/index.php?thread-17605.html,1 Reply
‚ù§Ô∏èMicrosoft Office 2024 Pro Plus VL_MAK_AE2‚ù§Ô∏èX1‚ù§Ô∏èPREMIUM KEY‚ù§Ô∏èHURRY UP‚ù§Ô∏èGRAB NOW‚ù§Ô∏è,https://darkforums.st/archive/index.php?thread-12266.html,9 Replies
7000X NORD VPN PREMIUM ACCOUNTS,https://darkforums.st/archive/index.php?thread-692.html,115 Replies
‚ù§Ô∏èHBO MAX‚ù§Ô∏èX235‚ù§Ô∏èPREMIUM ACCOUNTS‚ù§Ô∏èFULL CAPTURE‚ù§Ô∏èHURRY UP‚ù§Ô∏èGRAB NOW‚ù§Ô∏è,https://darkforums.st/archive/index.php?thread-15118.html,21 Replies
paypal urlloginpass 150000000,https://darkforums.st/archive/index.php?thread-3068.html,28 Replies
x8900 MEGA.NZ ACCOUNTS [FULL LOGS] valid,https://darkforums.st/archive/index.php?thread-80.html,31 Replies
üíéMAKE MONEY WITH EXPLOIT üíé 1000$+/DAY üíé FULL STEP BY STEP TUTORIALüíé,https://darkforums.st/archive/index.php?thread-18417.html,2 Replies
x100 PAYPAL LOGINS BRAZIL,https://darkforums.st/archive/index.php?thread-1022.html,42 Replies
2000x VALORANT ACCOUNTS,https://darkforums.st/archive/index.php?thread-27.html,37 Replies
Free Giftcards (Leak - July 2025),https://darkforums.st/archive/index.php?thread-18500.html,3 Replies
‚ö°Ô∏èChangelly.com Backend Exploit‚ö°Ô∏èMake $500+ in a few MINUTES‚ö°Ô∏è,https://darkforums.st/archive/index.php?thread-18699.html,1 Reply
MAKE $1000 IN 20 MINUTES ‚ú® NEW METHOD ‚ù£Ô∏è,https://darkforums.st/archive/index.php?thread-18976.html,6 Replies
X78 UBISOFT WITH GAMES CAPTURE,https://darkforums.st/archive/index.php?thread-17676.html,10 Replies
‚≠êFREE 500$ GIFTCARDS METHOD‚≠ê,https://darkforums.st/archive/index.php?thread-18746.html,5 Replies
‚ù§Ô∏èAvast SecureLine VPN‚ù§Ô∏èX1‚ù§Ô∏èPREMIUM KEY‚ù§Ô∏èHURRY UP‚ù§Ô∏èGRAB NOW‚ù§Ô∏è,https://darkforums.st/archive/index.php?thread-12269.html,10 Replies
15K Email Access MIXED 2023/01/30 .txt,https://darkforums.st/archive/index.php?thread-270.html,24 Replies
"x347 Office365 Cookies,tiktok,spotify more",https://darkforums.st/archive/index.php?thread-2752.html,16 Replies
‚ù§Ô∏èAvast SecureLine VPN‚ù§Ô∏èX38‚ù§Ô∏èPREMIUM KEYS‚ù§Ô∏èHURRY UP‚ù§Ô∏èGRAB NOW‚ù§Ô∏è,https://darkforums.st/archive/index.php?thread-14923.html,3 Replies
$500 Per Hour Method,https://darkforums.st/archive/index.php?thread-19015.html,4 Replies
üíéMAKE MONEY WITH EXPLOIT üíé 1000$+/DAY üíé FULL STEP BY STEP TUTORIALüíé,https://darkforums.st/archive/index.php?thread-18745.html,5 Replies
x2000 Discord account [ALL CHECKED + WORKING],https://darkforums.st/archive/index.php?thread-58.html,39 Replies
‚ö°Ô∏èChangelly.com Backend Exploit‚ö°Ô∏èMake $500+ in a few MINUTES‚ö°Ô∏è,https://darkforums.st/archive/index.php?thread-18600.html,3 Replies
x21 DISNEY+ Premium Accounts With Full Capture,https://darkforums.st/archive/index.php?thread-3669.html,18 Replies
MAKE $1000 IN 20 MINUTES ‚ú® NEW METHOD ‚ù£Ô∏è,https://darkforums.st/archive/index.php?thread-18392.html,3 Replies
Disneyplus Premium #1,https://darkforums.st/archive/index.php?thread-16358.html,4 Replies
‚ù§Ô∏èMEXICO‚ù§Ô∏è39K‚ù§Ô∏èUHQ COMBO‚ù§Ô∏èHURRY UP‚ù§Ô∏èGRAB NOW‚ù§Ô∏è,https://darkforums.st/archive/index.php?thread-15404.html,33 Replies
WordPress 10.000 Valid Access [Link-Login-Pass],https://darkforums.st/archive/index.php?thread-361.html,84 Replies
x 435 Wondershare ACCOUNTS,https://darkforums.st/archive/index.php?thread-305.html,8 Replies
200 x webshell,https://darkforums.st/archive/index.php?thread-6799.html,44 Replies
Disneyplus Premium #6,https://darkforums.st/archive/index.php?thread-16363.html,14 Replies
"‚≠êNEW CRACKED ACCOUNTS! COOKIES, AMAZON, GMAIL, TIKTOK, STEAM, ROBLOX, INSTAGRAM‚ú®",https://darkforums.st/archive/index.php?thread-17238.html,51 Replies
Disneyplus Premium #7,https://darkforums.st/archive/index.php?thread-16364.html,12 Replies
‚≠ê 12 ‚≠ê DisneyPlus Premium Accounts,https://darkforums.st/archive/index.php?thread-19837.html,2 Replies
300+ Spotify dump,https://darkforums.st/archive/index.php?thread-81.html,15 Replies
‚≠ê 39 ‚≠ê DisneyPlus Premium Accounts,https://darkforums.st/archive/index.php?thread-19845.html,5 Replies
VALORANT FULL CAPTURE +400 HITS,https://darkforums.st/archive/index.php?thread-152.html,16 Replies
‚ö°[‚ú®CRUNCHYROLL‚ú®] - x162¬†CRUNCHYROLL¬†ACCOUNTS¬†WITH CAPTURE [‚úÖFRESHLY CHECKED‚úÖ]‚ö°,https://darkforums.st/archive/index.php?thread-2450.html,17 Replies
Some Snapchat accounts,https://darkforums.st/archive/index.php?thread-34.html,54 Replies
x2100 Valid MEGA Accounts + Full Log,https://darkforums.st/archive/index.php?thread-345.html,43 Replies
Free Giftcards (Leak - July 2025),https://darkforums.st/archive/index.php?thread-18393.html,8 Replies
150+ Admin Panels Login,https://darkforums.st/archive/index.php?thread-214.html,73 Replies
+120 NETFLIX ACCOUNTS | JUST CHECKED | 12-04-2023,https://darkforums.st/archive/index.php?thread-448.html,34 Replies
"X56,258 TikTok Cookies now free",https://darkforums.st/archive/index.php?thread-2379.html,28 Replies
X7 IPVANISH VPN PREMIUM ACCOUNTS,https://darkforums.st/archive/index.php?thread-18793.html,2 Replies
‚ù§Ô∏è[‚òÑÔ∏èNETFLIX‚òÑÔ∏è] - x13460 NETFLIX ACCOUNTS EMAIL:PASS [‚ú≥Ô∏èDAILY/WEEK ACCOUNTS‚ú≥Ô∏è]‚ù§Ô∏è,https://darkforums.st/archive/index.php?thread-2686.html,82 Replies
1X Valorant Beta Account (Competitive),https://darkforums.st/archive/index.php?thread-19911.html,0 Replies
$500 Per Hour Method,https://darkforums.st/archive/index.php?thread-18599.html,6 Replies
1000 Unchecked VALORANT,https://darkforums.st/archive/index.php?thread-38.html,11 Replies
"Accounts PSN,AZURE,DISNEY Crunchyroll",https://darkforums.st/archive/index.php?thread-2465.html,27 Replies
50 WordPress Admin 11-07-2024,https://darkforums.st/archive/index.php?thread-3670.html,36 Replies
üíéMAKE MONEY WITH EXPLOIT üíé 1000$+/DAY üíé FULL STEP BY STEP TUTORIALüíé,https://darkforums.st/archive/index.php?thread-18657.html,3 Replies
X14 CYBERGHOST VPN PREMIUM ACCOUNTS,https://darkforums.st/archive/index.php?thread-19747.html,1 Reply
‚≠êFREE 500$ GIFTCARDS METHOD‚≠ê,https://darkforums.st/archive/index.php?thread-18418.html,4 Replies
x4000 WordPress ACCES [31.12.22],https://darkforums.st/archive/index.php?thread-171.html,42 Replies
"mini combo cookies 7,228 tiktok x73LinkedIn Cookies GMAIL",https://darkforums.st/archive/index.php?thread-2374.html,14 Replies
Disneyplus Premium #4,https://darkforums.st/archive/index.php?thread-16361.html,3 Replies
x645 DISNEY+,https://darkforums.st/archive/index.php?thread-97.html,19 Replies
‚≠êFREE 500$ GIFTCARDS METHOD‚≠ê,https://darkforums.st/archive/index.php?thread-18659.html,1 Reply
Free Giftcards (Leak - July 2025),https://darkforums.st/archive/index.php?thread-18977.html,2 Replies
"x247 LinkedIn Cookies,yahoo,tiktok,reddit,etc",https://darkforums.st/archive/index.php?thread-2496.html,17 Replies
‚ù§Ô∏èGERMANY‚ù§Ô∏è24K‚ù§Ô∏èUHQ COMBO‚ù§Ô∏èHURRY UP‚ù§Ô∏èGRAB NOW‚ù§Ô∏è,https://darkforums.st/archive/index.php?thread-15401.html,11 Replies
Free Giftcards (Leak - July 2025),https://darkforums.st/archive/index.php?thread-18860.html,5 Replies
43x Discord Tokens Full Capture,https://darkforums.st/archive/index.php?thread-731.html,19 Replies
üíéMAKE MONEY WITH EXPLOIT üíé 1000$+/DAY üíé FULL STEP BY STEP TUTORIALüíé,https://darkforums.st/archive/index.php?thread-18870.html,8 Replies
Netflix Working,https://darkforums.st/archive/index.php?thread-330.html,123 Replies
crunchyroll  Cookies prime video Cookies FreePik,https://darkforums.st/archive/index.php?thread-3370.html,5 Replies
x355 WordPress ACCES | admin and user,https://darkforums.st/archive/index.php?thread-96.html,20 Replies
‚òÑÔ∏è[‚õîNETFLIX‚õî] - x13176¬†NETFLIX¬†ACCOUNTS EMAIL:PASS [‚ú≥Ô∏èDAILY/WEEK ACCOUNTS‚ú≥Ô∏è]‚òÑÔ∏è,https://darkforums.st/archive/index.php?thread-2657.html,6 Replies
$500 Per Hour Method,https://darkforums.st/archive/index.php?thread-19078.html,6 Replies
‚ù§Ô∏èNETFLIX‚ù§Ô∏èX1400‚ù§Ô∏èPREMIUM ACCOUNTS‚ù§Ô∏èFULL CAPTURE‚ù§Ô∏èHURRY UP‚ù§Ô∏èGRAB NOW‚ù§Ô∏è,https://darkforums.st/archive/index.php?thread-14936.html,27 Replies
X13 NORD VPN PREMIUM ACCOUNTS,https://darkforums.st/archive/index.php?thread-19142.html,2 Replies
X5 CYBERGHOST VPN PREMIUM ACCOUNTS,https://darkforums.st/archive/index.php?thread-19609.html,1 Reply
üíéMAKE MONEY WITH EXPLOIT üíé 3000$+/DAY üíé FULL STEP BY STEP TUTORIALüíé,https://darkforums.st/archive/index.php?thread-18713.html,3 Replies
‚ö°Ô∏èChangelly.com Backend Exploit‚ö°Ô∏èMake $500+ in a few MINUTES‚ö°Ô∏è,https://darkforums.st/archive/index.php?thread-19016.html,2 Replies
30k TURKEY Fresh,https://darkforums.st/archive/index.php?thread-19397.html,1 Reply
X10 CYBERGHOST VPN PREMIUM ACCOUNTS,https://darkforums.st/archive/index.php?thread-19302.html,0 Replies
X50 EXPRESS VPN PREMIUM ACCOUNTS,https://darkforums.st/archive/index.php?thread-19219.html,0 Replies
HMAVPN PREMIUM ACCS,https://darkforums.st/archive/index.php?thread-19129.html,1 Reply
7X CYBER GHOST VPN PREMIUM ACCOUNTS,https://darkforums.st/archive/index.php?thread-19130.html,0 Replies
x100 Crunchyroll Accounts,https://darkforums.st/archive/index.php?thread-19127.html,0 Replies
320 ‚≠êNETFLIX ACCOUNTS ‚≠ê,https://darkforums.st/archive/index.php?thread-18967.html,1 Reply
NORD VPN PREMIUM ACCOUNT,https://darkforums.st/archive/index.php?thread-18947.html,0 Replies
EXPRESS VPN PREMIUM KEY FOR PC,https://darkforums.st/archive/index.php?thread-18945.html,0 Replies
X10 EXPRESS VPN PREMIUM ACCOUNTS,https://darkforums.st/archive/index.php?thread-18775.html,1 Reply
X20 DISNEY PLUS PREMIUM ACCOUNTS,https://darkforums.st/archive/index.php?thread-18797.html,0 Replies
X20 PLEX TV PREMIUM ACCOUNTS,https://darkforums.st/archive/index.php?thread-18796.html,0 Replies
X10 CYBERGHOST VPN PREMIUM ACCOUNTS,https://darkforums.st/archive/index.php?thread-18792.html,0 Replies
10‚≠êDISNEY PLUS PREMIUM‚≠ê,https://darkforums.st/archive/index.php?thread-18790.html,0 Replies
X44 NETFLIX PREMIUM ACCOUNTS,https://darkforums.st/archive/index.php?thread-18617.html,4 Replies
x184 CRUNCHYROLL PREMIUM ACCOUNTS,https://darkforums.st/archive/index.php?thread-18613.html,1 Reply
X100 DISNEY+ PREMIUM ACCOUNTS,https://darkforums.st/archive/index.php?thread-18637.html,0 Replies
X3 IPVANISH PREMIUM ACCOUNTS,https://darkforums.st/archive/index.php?thread-18608.html,0 Replies
X52 CRUNCHYROLL PREMIUM ACCOUNTS,https://darkforums.st/archive/index.php?thread-18401.html,2 Replies
Disneyplus Premium #5,https://darkforums.st/archive/index.php?thread-16362.html,1 Reply
X9 NORD VPN PREMIUM ACCOUNTS,https://darkforums.st/archive/index.php?thread-17972.html,1 Reply
X4 EXPRESS VPN PREMIUM ACCOUNTS,https://darkforums.st/archive/index.php?thread-18376.html,0 Replies
"x802 Office365 Cookies  x268 Netflix Cookies x7,367  Spotify Cookies x988 Microsoft36",https://darkforums.st/archive/index.php?thread-2914.html,27 Replies
X5 EXPRESS VPN PREMIUM ACCOUNTS,https://darkforums.st/archive/index.php?thread-18294.html,0 Replies
üî•üí•780 Apple Accounts Fresh cracked üí•üî•,https://darkforums.st/archive/index.php?thread-18214.html,1 Reply
Free Giftcards (Leak - July 2025),https://darkforums.st/archive/index.php?thread-18022.html,2 Replies
X2 IPVANISH VPN PREMIUM ACCOUNTS,https://darkforums.st/archive/index.php?thread-18111.html,0 Replies
X10 EXPRESS VPN PREMIUM ACCOUNTS,https://darkforums.st/archive/index.php?thread-18108.html,0 Replies
HMAVPN PREMIUM CODE,https://darkforums.st/archive/index.php?thread-18051.html,2 Replies
X5 KLING AI PREMIUM ACCOUNTS üåü100% WORKSüåü,https://darkforums.st/archive/index.php?thread-18058.html,1 Reply
‚ù§Ô∏èMicrosoft Office 2024 Pro Plus VL_MAK_AE2‚ù§Ô∏èX1‚ù§Ô∏èPREMIUM KEY‚ù§Ô∏èHURRY UP‚ù§Ô∏èGRAB NOW‚ù§Ô∏è,https://darkforums.st/archive/index.php?thread-14921.html,7 Replies
X34 CRUNCHYROLL PREMIUM ACCOUNTS,https://darkforums.st/archive/index.php?thread-17627.html,2 Replies
X20 CRUNCHYROLL PREMIUM ACCOUNTS,https://darkforums.st/archive/index.php?thread-17241.html,2 Replies
‚ù§Ô∏èPARAMOUNT PLUS‚ù§Ô∏èX100‚ù§Ô∏èPREMIUM ACCOUNTS‚ù§Ô∏èFULL CAPTURE‚ù§Ô∏èHURRY UP‚ù§Ô∏èGRAB NOW‚ù§Ô∏è,https://darkforums.st/archive/index.php?thread-15225.html,5 Replies
X10 EXPRESS VPN PREMIUM ACCOUNTS,https://darkforums.st/archive/index.php?thread-17331.html,1 Reply
X10 CYBERGHOST VPN PREMIUM ACCOUNTS,https://darkforums.st/archive/index.php?thread-16898.html,6 Replies
X5 IPVANISH VPN PREMIUM ACCOUNTS,https://darkforums.st/archive/index.php?thread-15679.html,2 Replies
X25 EXPRESS VPN PREMIUM ACCOUNTS,https://darkforums.st/archive/index.php?thread-17222.html,6 Replies
"mix cookies 2,851 TikTok x1,588 Reddit x65 LinkedIn Cookies more",https://darkforums.st/archive/index.php?thread-2404.html,3 Replies
x49 netflix premium Account,https://darkforums.st/archive/index.php?thread-272.html,80 Replies
X20 EXPRESS VPN PREMIUM ACCOUNTS,https://darkforums.st/archive/index.php?thread-17026.html,3 Replies
X43 EXPRESS VPN PREMIUM ACCOUNTS,https://darkforums.st/archive/index.php?thread-16902.html,6 Replies
x1 Turbobit  | isPremium = true | Access till = 01.11.2026,https://darkforums.st/archive/index.php?thread-16952.html,0 Replies
‚≠ê 1x Turbobit Premium Account,https://darkforums.st/archive/index.php?thread-16688.html,1 Reply
‚≠ê 2x Zula Accounts,https://darkforums.st/archive/index.php?thread-16690.html,0 Replies
‚≠ê 4x Disney Plus Accounts,https://darkforums.st/archive/index.php?thread-16687.html,0 Replies
‚≠ê 100x PayPal Hotmail Accounts,https://darkforums.st/archive/index.php?thread-16686.html,0 Replies
‚≠ê 2x BeIN Sport Premium Accounts ‚Äî Full Access,https://darkforums.st/archive/index.php?thread-16685.html,0 Replies
‚≠ê 6x Crunscho Accounts ‚Äî Full Access,https://darkforums.st/archive/index.php?thread-16684.html,0 Replies
‚≠ê 100x Supercell Accounts ‚Äî Full Access,https://darkforums.st/archive/index.php?thread-16683.html,0 Replies
EXPRESSVPN PREMIUM ACCOUNTS,https://darkforums.st/archive/index.php?thread-13698.html,2 Replies
coinbase x110 cookies,https://darkforums.st/archive/index.php?thread-1497.html,4 Replies
X251 NETFLIX HOTMAIL LINKED,https://darkforums.st/archive/index.php?thread-16618.html,0 Replies
X3 NORD VPN PREMIUM ACCOUNTS,https://darkforums.st/archive/index.php?thread-16570.html,4 Replies
535 CPANEL ACCES | admin and user |,https://darkforums.st/archive/index.php?thread-133.html,46 Replies
"cookies netflix,spotify,minecraf,tiktok etc",https://darkforums.st/archive/index.php?thread-2649.html,17 Replies
working chrunchyroll accs,https://darkforums.st/archive/index.php?thread-16466.html,0 Replies
Textverified.com Accounts x743 With Balance (For Sms OTP verification),https://darkforums.st/archive/index.php?thread-15599.html,1 Reply
X90 NETFLIX HOTMAIL LINKED,https://darkforums.st/archive/index.php?thread-16065.html,0 Replies
ChatGPT Premium Lifetime,https://darkforums.st/archive/index.php?thread-4303.html,10 Replies
X119 NETFLIX HOTMAIL LINKED,https://darkforums.st/archive/index.php?thread-15813.html,0 Replies
X32 Microsoft Accounts [Full Capture] [With Credit Cards],https://darkforums.st/archive/index.php?thread-15806.html,0 Replies
X89 NETFLIX HOTMAIL LINKED,https://darkforums.st/archive/index.php?thread-15800.html,0 Replies
X42 NETFLIX HOTMAIL LINKED,https://darkforums.st/archive/index.php?thread-15781.html,0 Replies
X23 TUNNELBEAR VPN PREMIUM ACCOUNTS,https://darkforums.st/archive/index.php?thread-15767.html,2 Replies
X4 NETFLIX PREMIUM ACCOUNTS,https://darkforums.st/archive/index.php?thread-15363.html,7 Replies
x1858 Hotmail Cracked Hits,https://darkforums.st/archive/index.php?thread-12552.html,8 Replies
Good FTP 280 + FULL LOG,https://darkforums.st/archive/index.php?thread-436.html,21 Replies
‚ù§Ô∏èFRANCE‚ù§Ô∏è164K‚ù§Ô∏èUHQ COMBO‚ù§Ô∏èHURRY UP‚ù§Ô∏èGRAB NOW‚ù§Ô∏è,https://darkforums.st/archive/index.php?thread-15402.html,1 Reply
HMAVPN PREMIUM CODE,https://darkforums.st/archive/index.php?thread-15154.html,2 Replies
X2 NETFLIX PREMIUM ACCOUNTS,https://darkforums.st/archive/index.php?thread-15160.html,0 Replies
‚ö°‚òÑÔ∏è‚úîÔ∏è[‚≠êREDDIT‚≠ê] - x321¬†REDDIT¬†COOKIES [0 TO 3115 COINS]¬†[‚òÑÔ∏èFRESHLY CHECKED‚òÑÔ∏è]‚ö°‚òÑÔ∏è‚úîÔ∏è,https://darkforums.st/archive/index.php?thread-2704.html,4 Replies
CANVA PRO PREMIUM INVITE,https://darkforums.st/archive/index.php?thread-14991.html,0 Replies
‚ù§Ô∏èCloudflare Warp+‚ù§Ô∏èX87‚ù§Ô∏èPREMIUM KEYS‚ù§Ô∏è2400TB‚ù§Ô∏èHURRY UP‚ù§Ô∏èGRAB NOW‚ù§Ô∏è,https://darkforums.st/archive/index.php?thread-14925.html,0 Replies
‚ù§Ô∏èWindows 10/11 RTM Professional OEM:DM‚ù§Ô∏èX10‚ù§Ô∏èPREMIUM KEYS‚ù§Ô∏èHURRY UP‚ù§Ô∏èGRAB NOW‚ù§Ô∏è,https://darkforums.st/archive/index.php?thread-14922.html,1 Reply
X2 IPVANISH VPN PREMIUM ACCOUNTS,https://darkforums.st/archive/index.php?thread-14866.html,0 Replies
X10 CYBERGHOST VPN PREMIUM ACCOUNTS,https://darkforums.st/archive/index.php?thread-14728.html,1 Reply
X10 EXPRESS VPN PREMIUM ACCOUNTS,https://darkforums.st/archive/index.php?thread-14722.html,1 Reply
X5 IPVANISH VPN PREMIUM ACCOUNTS,https://darkforums.st/archive/index.php?thread-14730.html,0 Replies
X9 NORD VPN PREMIUM ACCOUNTS,https://darkforums.st/archive/index.php?thread-14673.html,1 Reply
IPVANISH VPN PREMIUM ACCOUNTS,https://darkforums.st/archive/index.php?thread-14676.html,1 Reply
X10 EXPRESS VPN PREMIUM ACCOUNTS,https://darkforums.st/archive/index.php?thread-14599.html,0 Replies
X10 CYBERGHOST PREMIUM ACCOUNTS,https://darkforums.st/archive/index.php?thread-14598.html,0 Replies
7K Roblox user:pass,https://darkforums.st/archive/index.php?thread-4033.html,1 Reply
Free Wp Admin üê∏,https://darkforums.st/archive/index.php?thread-4468.html,31 Replies
"x3,916 Reddit Cookies",https://darkforums.st/archive/index.php?thread-1730.html,4 Replies
‚úîÔ∏è‚úÖ‚≠ê[‚ò¢Ô∏èTIKTOK‚ò¢Ô∏è] - x2145¬†TIKTOK COOKIES¬†[‚òÑÔ∏èFRESHLY CHECKED‚òÑÔ∏è]‚úîÔ∏è‚úÖ‚≠ê,https://darkforums.st/archive/index.php?thread-2794.html,27 Replies
x60+Nord VPN Premium Accounts,https://darkforums.st/archive/index.php?thread-191.html,13 Replies
x50 HBO Max Accs,https://darkforums.st/archive/index.php?thread-1778.html,1 Reply
‚öôÔ∏è Config Creation Masterclass ‚öôÔ∏è,https://darkforums.st/archive/index.php?thread-14136.html,0 Replies
"10X [NordVPN] PREMIUM WORKING (""ALL CHEKED"") NordVPN VPN ACCOUNTS EXPIRE 2024-2025",https://darkforums.st/archive/index.php?thread-158.html,52 Replies
‚ù§Ô∏èAvast Ultimate Business Security‚ù§Ô∏èX27‚ù§Ô∏èPREMIUM KEYS‚ù§Ô∏èHURRY UP‚ù§Ô∏èGRAB NOW‚ù§Ô∏è,https://darkforums.st/archive/index.php?thread-12100.html,4 Replies
–°oinbase 18k,https://darkforums.st/archive/index.php?thread-40.html,52 Replies
‚ù§Ô∏èWindows Server Essentials 2012 R2 RTM Server‚ù§Ô∏èX1‚ù§Ô∏èPREMIUM KEY‚ù§Ô∏èHURRY UP‚ù§Ô∏èGRAB NOW‚ù§Ô∏è,https://darkforums.st/archive/index.php?thread-12098.html,3 Replies
IPVANISH PREMIUM ACCOUNTS,https://darkforums.st/archive/index.php?thread-13697.html,0 Replies
NORDVPN PREMIUM ACCOUNTS,https://darkforums.st/archive/index.php?thread-13433.html,0 Replies
TFN AUSTRALIAN TAX FILE NUMBER,https://darkforums.st/archive/index.php?thread-13226.html,0 Replies
900+ cPanel ACCESS [URL USERNAME:PASS],https://darkforums.st/archive/index.php?thread-12326.html,2 Replies
50000000 urlloginpass,https://darkforums.st/archive/index.php?thread-3070.html,27 Replies
500 CPANEL ACCES | admin and user,https://darkforums.st/archive/index.php?thread-109.html,27 Replies
300 Cpanel + Lƒ±st Domaƒ±ns,https://darkforums.st/archive/index.php?thread-708.html,41 Replies
x9 cloud.boosteroid.com Accounts,https://darkforums.st/archive/index.php?thread-12409.html,3 Replies
‚ú®[‚úÖSTEAM‚úÖ] - x4027¬†STEAM¬†ACCOUNTS LOGIN:PASS [‚ú≥Ô∏èDAILY/WEEK ACCOUNTS‚ú≥Ô∏è]‚ú®,https://darkforums.st/archive/index.php?thread-2617.html,12 Replies
200 Twitter Fresh Cookies - Full Capture,https://darkforums.st/archive/index.php?thread-47.html,8 Replies
‚ù§Ô∏èWindows 10/11 RTM Professional Volume:MAK‚ù§Ô∏èX2‚ù§Ô∏èPREMIUM KEYS‚ù§Ô∏èHURRY UP‚ù§Ô∏èGRAB NOW‚ù§Ô∏è,https://darkforums.st/archive/index.php?thread-11763.html,1 Reply
‚ù§Ô∏èCRUNCHYROLL‚ù§Ô∏èX30‚ù§Ô∏èPREMIUM ACCOUNTS‚ù§Ô∏èFULL CAPTURE‚ù§Ô∏èHURRY UP‚ù§Ô∏èGRAB NOW‚ù§Ô∏è,https://darkforums.st/archive/index.php?thread-11850.html,5 Replies
‚ù§Ô∏èMicrosoft Office 2021 Pro Plus VL:MAK_AE2‚ù§Ô∏èX1‚ù§Ô∏èPREMIUM KEY‚ù§Ô∏èHURRY UP‚ù§Ô∏èGRAB NOW‚ù§Ô∏è,https://darkforums.st/archive/index.php?thread-12267.html,3 Replies
‚ù§Ô∏èLetyshops.com‚ù§Ô∏èX7‚ù§Ô∏èPREMIUM ACCOUNTS‚ù§Ô∏èFULL CAPTURE‚ù§Ô∏èHURRY UP‚ù§Ô∏èGRAB NOW‚ù§Ô∏è,https://darkforums.st/archive/index.php?thread-11815.html,2 Replies
‚úîÔ∏è‚úÖ‚≠ê[‚ù§Ô∏èNETFLIX‚ù§Ô∏è] - x288 NETFLIX¬†COOKIES ACCOUNTS [‚òÑÔ∏èFRESHLY CHECKED‚òÑÔ∏è] DAY 71‚úîÔ∏è‚úÖ‚≠ê,https://darkforums.st/archive/index.php?thread-2436.html,9 Replies
‚ù§Ô∏èMicrosoft Office 2019 Pro Plus VL:MAK_AE‚ù§Ô∏èX1‚ù§Ô∏èPREMIUM KEY‚ù§Ô∏èHURRY UP‚ù§Ô∏èGRAB NOW‚ù§Ô∏è,https://darkforums.st/archive/index.php?thread-12113.html,0 Replies
‚ù§Ô∏èMicrosoft Office 2019 Pro Plus VL:MAK_AE‚ù§Ô∏èX3‚ù§Ô∏èPREMIUM KEYS‚ù§Ô∏èHURRY UP‚ù§Ô∏èGRAB NOW‚ù§Ô∏è,https://darkforums.st/archive/index.php?thread-12107.html,0 Replies
‚ù§Ô∏èWindows Server 2012 RTM ServerStandard‚ù§Ô∏èX1‚ù§Ô∏èPREMIUM KEY‚ù§Ô∏èHURRY UP‚ù§Ô∏èGRAB NOW‚ù§Ô∏è,https://darkforums.st/archive/index.php?thread-12097.html,0 Replies
‚ù§Ô∏èWindows 8.1 RTM All Volume Editions VL:MAK‚ù§Ô∏èX1‚ù§Ô∏èPREMIUM KEY‚ù§Ô∏èHURRY UP‚ù§Ô∏èGRAB NOW‚ù§Ô∏è,https://darkforums.st/archive/index.php?thread-12095.html,0 Replies
‚ù§Ô∏èWindows Server 2008 R2 Std and Ent Volume‚ù§Ô∏èX3‚ù§Ô∏èPREMIUM KEYS‚ù§Ô∏èHURRY UP‚ù§Ô∏èGRAB NOW‚ù§Ô∏è,https://darkforums.st/archive/index.php?thread-12093.html,0 Replies
United Kingdom Drivers License,https://darkforums.st/archive/index.php?thread-7449.html,1 Reply
x530 MEGA.NZ ACCOUNTS [FULL LOGS],https://darkforums.st/archive/index.php?thread-304.html,30 Replies
45000000 URLPASSWORD,https://darkforums.st/archive/index.php?thread-2887.html,28 Replies
‚ù§Ô∏èAvast Ultimate Business Security‚ù§Ô∏èX12‚ù§Ô∏èPREMIUM KEYS‚ù§Ô∏èHURRY UP‚ù§Ô∏èGRAB NOW‚ù§Ô∏è,https://darkforums.st/archive/index.php?thread-11757.html,3 Replies
‚ù§Ô∏èMicrosoft Office 2021 Pro Plus VL:MAK_AE2‚ù§Ô∏èX2‚ù§Ô∏èPREMIUM KEYS‚ù§Ô∏èHURRY UP‚ù§Ô∏èGRAB NOW‚ù§Ô∏è,https://darkforums.st/archive/index.php?thread-11764.html,3 Replies
13 Facebook Fresh Cookies - Profile Capture,https://darkforums.st/archive/index.php?thread-45.html,9 Replies
some Discord cookies,https://darkforums.st/archive/index.php?thread-11407.html,3 Replies
x1000 WP-ADMIN [Link - Login - Password] # 06/12/22,https://darkforums.st/archive/index.php?thread-33.html,8 Replies
75 000 000 urlloginpass,https://darkforums.st/archive/index.php?thread-2876.html,8 Replies
x24 CRUNCHYROLL ACCOUNTS | CHECKED,https://darkforums.st/archive/index.php?thread-11258.html,1 Reply
‚ù§Ô∏èESET Mobile Security for Android‚ù§Ô∏èX5‚ù§Ô∏èPREMIUM KEYS‚ù§Ô∏èHURRY UP‚ù§Ô∏èGRAB NOW‚ù§Ô∏è,https://darkforums.st/archive/index.php?thread-11759.html,1 Reply
Free Google Gemini Pro + 2 TB Drive Storage,https://darkforums.st/archive/index.php?thread-11678.html,0 Replies
Big japonese maillist !,https://darkforums.st/archive/index.php?thread-113.html,15 Replies
cracked account generator and cracked software and osint tools,https://darkforums.st/archive/index.php?thread-11058.html,1 Reply
Nigerian NASIMS Portal Logins,https://darkforums.st/archive/index.php?thread-10630.html,1 Reply
‚ú®[‚öïÔ∏èDISNEY‚öïÔ∏è] - x903¬†DISNEYPLUS¬†ACCOUNTS EMAIL:PASS [‚ú≥Ô∏èDAILY/WEEK ACCOUNTS‚ú≥Ô∏è]‚ú®,https://darkforums.st/archive/index.php?thread-2763.html,2 Replies
‚ö°[‚≠êCRUNCHYROLL‚≠ê] - x523¬†CRUNCHYROLL¬†ACCOUNTS EMAIL:PASS [‚ú≥Ô∏èDAILY/WEEK ACCOUNTS‚ú≥Ô∏è]‚ö°,https://darkforums.st/archive/index.php?thread-2764.html,3 Replies
X942 PayPal Logs Full Capture || Freshdly Cracked,https://darkforums.st/archive/index.php?thread-650.html,58 Replies
Mega.nz Premium Accounts,https://darkforums.st/archive/index.php?thread-10611.html,1 Reply
x208 PayPal Logs,https://darkforums.st/archive/index.php?thread-1043.html,51 Replies
HACXX ULP - Valid Accounts - Logins and Passwords - 18-12-2024,https://darkforums.st/archive/index.php?thread-5603.html,1 Reply
"mega combo 89 Twitter Cookies 735 Twitch Cookies 1,619 Yahoo Cookies more",https://darkforums.st/archive/index.php?thread-2173.html,4 Replies
üî•CHEAP ‚≠êNetflix ‚≠êHbo ‚≠êDisney ‚≠êCrunchyroll ‚≠êFuboTV ‚≠êÔ∏èApple ‚≠êHulu ‚≠êPeacock ‚≠êSling ‚≠ê,https://darkforums.st/archive/index.php?thread-9848.html,1 Reply
‚ùÑÔ∏è[‚öîÔ∏èSTARPLUS‚öîÔ∏è] - x837¬†STARPLUS¬†ACCOUNTS EMAIL:PASS [‚ú≥Ô∏èDAILY/WEEK ACCOUNTS‚ú≥Ô∏è]‚ùÑÔ∏è,https://darkforums.st/archive/index.php?thread-2660.html,3 Replies
SKEET V3 (super old)  FULL SRC CODE,https://darkforums.st/archive/index.php?thread-10085.html,0 Replies
x160 Xbox Account FRESH 2023/02/01,https://darkforums.st/archive/index.php?thread-278.html,13 Replies
700+ MEGA.NZ FULL LOG,https://darkforums.st/archive/index.php?thread-294.html,24 Replies
seling government of brazil and portugal look up any person in portugal and gov mails,https://darkforums.st/archive/index.php?thread-8019.html,0 Replies
"Buy Free Cheap Streaming Accounts at KOAT.CC ‚Äì Netflix, Hulu & More At KOAT.CC",https://darkforums.st/archive/index.php?thread-7961.html,0 Replies
"Buy Cheap & Reliable Streaming Accounts ‚Äì Netflix, Hulu, Disney+ & More | Instant Del",https://darkforums.st/archive/index.php?thread-7960.html,0 Replies
40X [EXPRESS VPN] PREMIUM WORKING EXPRESS VPN ACCOUNTS,https://darkforums.st/archive/index.php?thread-98.html,23 Replies
Steam accounts,https://darkforums.st/archive/index.php?thread-7560.html,0 Replies
‚ú® 150+ Crunchyroll Premium Accounts Full Fresh  ‚ú®,https://darkforums.st/archive/index.php?thread-7440.html,0 Replies
125 sms-activate.org accounts with balance,https://darkforums.st/archive/index.php?thread-199.html,69 Replies
Germany butlershome.de Joomla Administrator Access,https://darkforums.st/archive/index.php?thread-2989.html,3 Replies
Hacxx ULP JavaScript Search Engine Update 4 - Free Download and Online Version,https://darkforums.st/archive/index.php?thread-5102.html,4 Replies
x4200 Mega + FULL LOG by LB 08.12.22,https://darkforums.st/archive/index.php?thread-76.html,22 Replies
VPN Premium Mix,https://darkforums.st/archive/index.php?thread-6567.html,0 Replies
8K Twitch Accounts Cookies,https://darkforums.st/archive/index.php?thread-6549.html,0 Replies
1900K WordPress Admin Cookies,https://darkforums.st/archive/index.php?thread-6547.html,0 Replies
1K HOTMAIL,https://darkforums.st/archive/index.php?thread-6403.html,0 Replies
‚úîÔ∏è‚úÖ‚ú®[‚ö°TWITCH‚ö°] - x1813¬†TWITCH COOKIES ACCOUNTS [0 TO 12K FOLLOWERS] [‚úÖFRESHLY CHECKED,https://darkforums.st/archive/index.php?thread-2515.html,3 Replies
500  USER LOGIN NOAA: National Oceanic & Atmospheric Administration,https://darkforums.st/archive/index.php?thread-5870.html,0 Replies
HACXX ULP - Valid Accounts - Logins and Passwords - 17-12-2024,https://darkforums.st/archive/index.php?thread-5576.html,0 Replies
HACXX ULP - Valid Accounts - Logins and Passwords - 16-12-2024,https://darkforums.st/archive/index.php?thread-5551.html,0 Replies
Some brute force hacked  Gmail addresses are not clear by country,https://darkforums.st/archive/index.php?thread-5510.html,0 Replies
Some brute force hacked  hotemail addresses are not clear by country,https://darkforums.st/archive/index.php?thread-5508.html,0 Replies
brute force hacked email addresses are not clear by country,https://darkforums.st/archive/index.php?thread-5507.html,0 Replies
Envex at FreeNote.biz,https://darkforums.st/archive/index.php?thread-5228.html,0 Replies
HACXX ULP - Valid Accounts - Logins and Passwords - 08-12-2024,https://darkforums.st/archive/index.php?thread-5227.html,0 Replies
HACXX ULP - Valid Accounts - Logins and Passwords - 07-12-2024,https://darkforums.st/archive/index.php?thread-5207.html,0 Replies
HACXX ULP - Valid Accounts - Logins and Passwords - 06-12-2024,https://darkforums.st/archive/index.php?thread-5184.html,0 Replies
HACXX ULP - Valid Accounts - Logins and Passwords - 05-12-2024,https://darkforums.st/archive/index.php?thread-5152.html,2 Replies
HACXX ULP - Valid Accounts - Logins and Passwords - 04-12-2024,https://darkforums.st/archive/index.php?thread-5116.html,0 Replies
Plesk Hosting Control Panel,https://darkforums.st/archive/index.php?thread-3940.html,1 Reply
HACXX ULP - Valid Accounts - Logins and Passwords - 03-12-2024,https://darkforums.st/archive/index.php?thread-5085.html,0 Replies
HACXX ULP - Valid Accounts - Logins and Passwords - 02-12-2024,https://darkforums.st/archive/index.php?thread-5082.html,0 Replies
HACXX ULP - Valid Accounts - Logins and Passwords - 01-12-2024,https://darkforums.st/archive/index.php?thread-5061.html,0 Replies
HACXX ULP - Valid Accounts - Logins and Passwords - 30-11-2024,https://darkforums.st/archive/index.php?thread-5059.html,0 Replies
HACXX ULP - Valid Accounts - Logins and Passwords - 29-11-2024,https://darkforums.st/archive/index.php?thread-5057.html,0 Replies
Hacxx at 4note.net,https://darkforums.st/archive/index.php?thread-5054.html,0 Replies
HACXX ULP - Valid Accounts - Logins and Passwords - 28-11-2024,https://darkforums.st/archive/index.php?thread-5051.html,0 Replies
paypal hacked slave,https://darkforums.st/archive/index.php?thread-2972.html,18 Replies
HACXX ULP - Valid Accounts - Logins and Passwords - 23-11-2024,https://darkforums.st/archive/index.php?thread-4856.html,0 Replies
HACXX ULP - Valid Accounts - Logins and Passwords - 22-11-2024,https://darkforums.st/archive/index.php?thread-4831.html,0 Replies
HACXX ULP - Valid Accounts - Logins and Passwords - 21-11-2024,https://darkforums.st/archive/index.php?thread-4818.html,0 Replies
HACXX ULP - Valid Accounts - Logins and Passwords - 20-11-2024,https://darkforums.st/archive/index.php?thread-4796.html,0 Replies
HACXX ULP - Valid Accounts - Logins and Passwords - 19-11-2024,https://darkforums.st/archive/index.php?thread-4786.html,0 Replies
HACXX ULP - Valid Accounts - Logins and Passwords - 18-11-2024,https://darkforums.st/archive/index.php?thread-4785.html,0 Replies
5x .GOV. LOGINS   :kisses:,https://darkforums.st/archive/index.php?thread-4751.html,0 Replies
HACXX ULP - Valid Accounts - Logins and Passwords - 14-11-2024,https://darkforums.st/archive/index.php?thread-4734.html,2 Replies
HACXX ULP - Valid Accounts - Logins and Passwords - 14-11-2024,https://darkforums.st/archive/index.php?thread-4726.html,0 Replies
HACXX ULP - Valid Accounts - Logins and Passwords - 13-11-2024,https://darkforums.st/archive/index.php?thread-4725.html,0 Replies
HACXX ULP - Valid Accounts - Logins and Passwords - 12-11-2024,https://darkforums.st/archive/index.php?thread-4693.html,0 Replies
HACXX ULP - Valid Accounts - Logins and Passwords - 11-11-2024,https://darkforums.st/archive/index.php?thread-4667.html,0 Replies
x300 AdminPanel Valid | HQ,https://darkforums.st/archive/index.php?thread-298.html,34 Replies
HACXX ULP - Valid Accounts - Logins and Passwords - 10-11-2024,https://darkforums.st/archive/index.php?thread-4655.html,0 Replies
‚úîÔ∏è‚úÖ‚ú®[‚ö°TWITCH‚ö°] - x1363¬†TWITCH COOKIES ACCOUNTS [0 TO 2K FOLLOWERS] [‚úÖFRESHLY CHECKED‚úÖ,https://darkforums.st/archive/index.php?thread-2481.html,3 Replies
HACXX ULP - Valid Accounts - Logins and Passwords - 07-11-2024,https://darkforums.st/archive/index.php?thread-4587.html,0 Replies
HACXX ULP - Valid Accounts - Logins and Passwords - 05-11-2024,https://darkforums.st/archive/index.php?thread-4577.html,0 Replies
HACXX ULP - Valid Accounts - Logins and Passwords - 04-11-2024,https://darkforums.st/archive/index.php?thread-4566.html,0 Replies
HACXX ULP - Valid Accounts - Logins and Passwords - 03-11-2024,https://darkforums.st/archive/index.php?thread-4554.html,0 Replies
HACXX ULP - Valid Accounts - Logins and Passwords - 02-11-2024,https://darkforums.st/archive/index.php?thread-4547.html,0 Replies
‚úîÔ∏è‚úÖ‚≠ê[‚ù§Ô∏èNETFLIX‚ù§Ô∏è] - x739¬†NETFLIX COOKIES ACCOUNTS [‚òÑÔ∏èFRESHLY CHECKED‚òÑÔ∏è] DAY 80‚úîÔ∏è‚úÖ‚≠ê,https://darkforums.st/archive/index.php?thread-2792.html,10 Replies
Websites Logins By Team Silent Cyber Force Pakistan,https://darkforums.st/archive/index.php?thread-4476.html,0 Replies
‚ú®NETFLIX EXTRA MEMBER PLAN HQ QUALITY‚ú®,https://darkforums.st/archive/index.php?thread-4352.html,1 Reply
IP Vanish vpn,https://darkforums.st/archive/index.php?thread-4353.html,1 Reply
Spotify Premium,https://darkforums.st/archive/index.php?thread-4309.html,0 Replies
X73 PayPal Logs Full Capture || Freshdly Cracked,https://darkforums.st/archive/index.php?thread-672.html,18 Replies
NETFLIX MAIL ACCESS,https://darkforums.st/archive/index.php?thread-4055.html,0 Replies
‚úîÔ∏è‚úÖ‚ú®[‚ö°TWITCH‚ö°] - x2677¬†TWITCH COOKIES ACCOUNTS [0 TO 4K FOLLOWERS] [‚úÖFRESHLY CHECKED‚úÖ,https://darkforums.st/archive/index.php?thread-2793.html,2 Replies
'transtech.com.au' Australia Admin Access,https://darkforums.st/archive/index.php?thread-3687.html,0 Replies
AmazonPrime Cookies crunchyroll  Cookies Facebook Cookies FreePik,https://darkforums.st/archive/index.php?thread-3598.html,0 Replies
crunchyroll Cookies eBay Cookies Facebook Cookies,https://darkforums.st/archive/index.php?thread-3512.html,1 Reply
crunchyroll Cookies eBay Cookies Facebook Cookies FreePik,https://darkforums.st/archive/index.php?thread-3482.html,0 Replies
netflix cookies,https://darkforums.st/archive/index.php?thread-3468.html,0 Replies
Reddit Cookies Steam Cookies TikTok Cookies,https://darkforums.st/archive/index.php?thread-3372.html,2 Replies
selix.io cookies p2,https://darkforums.st/archive/index.php?thread-3451.html,0 Replies
facebook cookies,https://darkforums.st/archive/index.php?thread-3439.html,1 Reply
95k cookies  base format,https://darkforums.st/archive/index.php?thread-3446.html,0 Replies
50.000 cookies  base format,https://darkforums.st/archive/index.php?thread-3443.html,0 Replies
Facebook Cookies Gmail Cookies Instagram Cookies TikTok Cookies Twitter Cookies,https://darkforums.st/archive/index.php?thread-3442.html,0 Replies
facebook cookies,https://darkforums.st/archive/index.php?thread-3441.html,0 Replies
LinkedIn Cookies,https://darkforums.st/archive/index.php?thread-3440.html,0 Replies
netflix cookies,https://darkforums.st/archive/index.php?thread-3438.html,0 Replies
netflix cookies,https://darkforums.st/archive/index.php?thread-3433.html,0 Replies
"mini combo cookies  gmail,ebay,instagram,twitch",https://darkforums.st/archive/index.php?thread-2587.html,3 Replies
Steam Cookies,https://darkforums.st/archive/index.php?thread-3408.html,0 Replies
SPOTIFYPREMIUM Cookies,https://darkforums.st/archive/index.php?thread-3407.html,0 Replies
Office365 Cookies,https://darkforums.st/archive/index.php?thread-3406.html,0 Replies
TikTok Cookies,https://darkforums.st/archive/index.php?thread-3405.html,0 Replies
Facebook Cookies,https://darkforums.st/archive/index.php?thread-3404.html,0 Replies
crunchyroll  Cookies,https://darkforums.st/archive/index.php?thread-3403.html,0 Replies
AmazonPrime Cookies,https://darkforums.st/archive/index.php?thread-3401.html,0 Replies
1.145.094.680 urlloginpass MORE,https://darkforums.st/archive/index.php?thread-3022.html,5 Replies
netflix cookies,https://darkforums.st/archive/index.php?thread-3379.html,0 Replies
netflix cookies,https://darkforums.st/archive/index.php?thread-3373.html,0 Replies
Reddit Cookies Steam Cookies TikTok Cookies,https://darkforums.st/archive/index.php?thread-3371.html,0 Replies
x46 HIT Apple.com,https://darkforums.st/archive/index.php?thread-747.html,13 Replies
SPOTIFYPREMIUM Cookies Steam Cookies TikTok Cookie,https://darkforums.st/archive/index.php?thread-3254.html,0 Replies
crunchyroll Cookies primevideo Cookies eBay Cookies eneba,https://darkforums.st/archive/index.php?thread-3252.html,0 Replies
netflix cookies,https://darkforums.st/archive/index.php?thread-3243.html,0 Replies
Prime Gaming cookies,https://darkforums.st/archive/index.php?thread-3242.html,0 Replies
checker wallet safepal -BITCOIN- ETH-,https://darkforums.st/archive/index.php?thread-3238.html,0 Replies
173 Netflix CookiesX33 CoinBase cookiesX1530 TikTok Cookies,https://darkforums.st/archive/index.php?thread-3080.html,6 Replies
x155 Spotify Cookies x14 Bitrefill Cookies,https://darkforums.st/archive/index.php?thread-2797.html,4 Replies
"315,000,000 urlloginpass",https://darkforums.st/archive/index.php?thread-2877.html,3 Replies
cookies x203 Netflix x43 blockchain.com x6949 paypal.com more.,https://darkforums.st/archive/index.php?thread-2712.html,12 Replies
43 Valid Cpanel Login,https://darkforums.st/archive/index.php?thread-321.html,23 Replies
x500 CPANEL ACCES | Full Valid,https://darkforums.st/archive/index.php?thread-238.html,35 Replies
666 CPANEL ACCES | Valid 90%,https://darkforums.st/archive/index.php?thread-137.html,13 Replies
"cookies  netflix,reddit,yahoo,gmail,ebay,amazon coinbase",https://darkforums.st/archive/index.php?thread-3048.html,1 Reply
URL LOGS,https://darkforums.st/archive/index.php?thread-3046.html,0 Replies
All Premium SEO Tools ‚úÖ‚úÖFresh Update,https://darkforums.st/archive/index.php?thread-3033.html,0 Replies
"x 1,129 Netflix Cookiesxx8 Coinbase Cookies1883 Spotify Cookies",https://darkforums.st/archive/index.php?thread-3020.html,3 Replies
‚ù§Ô∏è‚ùÑÔ∏èNetflix Premium Accounts ‚úÖ‚úÖFresh Update,https://darkforums.st/archive/index.php?thread-3015.html,0 Replies
‚ù§Ô∏è‚ùÑÔ∏èPrime Video Accounts ‚úÖ‚úÖFresh Update,https://darkforums.st/archive/index.php?thread-3013.html,1 Reply
45kk_url-log-pass_27.11.2023,https://darkforums.st/archive/index.php?thread-2872.html,4 Replies
"x102 Netflix Cookies x4,001 TikTok Cookiesx13 YouTube Cookiesx818 Spotify Cookies",https://darkforums.st/archive/index.php?thread-2954.html,3 Replies
mega combo ¬†cookies mix,https://darkforums.st/archive/index.php?thread-2084.html,7 Replies
21 Crunchyroll Accounts,https://darkforums.st/archive/index.php?thread-567.html,6 Replies
Coursera Premium Accounts ‚úÖ‚úÖFresh Update,https://darkforums.st/archive/index.php?thread-2975.html,0 Replies
X 8 NETFLIX ACCOUNTS - FRESH,https://darkforums.st/archive/index.php?thread-126.html,11 Replies
‚ù§Ô∏è‚ùÑÔ∏èCodecademy Premium Accounts ‚úÖ‚úÖFresh Update,https://darkforums.st/archive/index.php?thread-2950.html,0 Replies
‚ù§Ô∏è‚ùÑÔ∏èGrammarly Premium ‚úÖ‚úÖAccounts‚ù§Ô∏è‚ùÑÔ∏è,https://darkforums.st/archive/index.php?thread-2934.html,0 Replies
‚öîÔ∏è[‚≠êCRUNCHYROLL‚≠ê] - x192¬†CRUNCHYROLL¬†ACCOUNTS¬†WITH CAPTURE [‚úÖFRESHLY CHECKED‚úÖ]‚öîÔ∏è,https://darkforums.st/archive/index.php?thread-2467.html,1 Reply
x183 Netflix Cookies,https://darkforums.st/archive/index.php?thread-2885.html,3 Replies
624 Netflix Cookies x2301Spotify Cookies x2097TikTok Cookies more,https://darkforums.st/archive/index.php?thread-2768.html,4 Replies
x3771+ Netflix accounts,https://darkforums.st/archive/index.php?thread-288.html,45 Replies
x951 Spotify Cookiesx165 Minecraft Cookiesx229 TikTok Cookies,https://darkforums.st/archive/index.php?thread-2871.html,1 Reply
‚úîÔ∏è[‚≠êCOINTIPLY‚≠ê] - x199¬†COINTIPLY¬†ACCOUNTS EMAIL:PASS [‚ú≥Ô∏èDAILY/WEEK ACCOUNTS‚ú≥Ô∏è]‚úîÔ∏è,https://darkforums.st/archive/index.php?thread-2689.html,1 Reply
x810 Netflix Cookies,https://darkforums.st/archive/index.php?thread-2754.html,1 Reply
X150000000 url.login.pass,https://darkforums.st/archive/index.php?thread-2498.html,10 Replies
x815 Netflix Cookies,https://darkforums.st/archive/index.php?thread-2869.html,0 Replies
URL LOGS 6000000,https://darkforums.st/archive/index.php?thread-2813.html,3 Replies
x228 Netflix Cookies x117 Spotify Cookies x2054 TikTok Cookies,https://darkforums.st/archive/index.php?thread-2777.html,3 Replies
x92 Minecraft Cookies x2045 Spotify[] Cookies facebook coinbase,https://darkforums.st/archive/index.php?thread-2725.html,2 Replies
‚úÖ[‚õîDEEZER‚õî] - x164¬†DEEZER¬†ACCOUNTS EMAIL:PASS [‚ú≥Ô∏èDAILY/WEEK ACCOUNTS‚ú≥Ô∏è]‚úÖ,https://darkforums.st/archive/index.php?thread-2761.html,0 Replies
‚õî[‚úÖSPOTIFY‚úÖ] - x5211¬†SPOTIFY¬†ACCOUNTS EMAIL:PASS [‚ú≥Ô∏èDAILY/WEEK ACCOUNTS‚ú≥Ô∏è]‚õî,https://darkforums.st/archive/index.php?thread-2690.html,2 Replies
‚úîÔ∏è‚úÖ‚≠ê[‚ù§Ô∏èNETFLIX‚ù§Ô∏è] - x316¬†NETFLIX COOKIES ACCOUNTS [‚òÑÔ∏èFRESHLY CHECKED‚òÑÔ∏è] DAY 77‚úîÔ∏è‚úÖ‚≠ê,https://darkforums.st/archive/index.php?thread-2702.html,0 Replies
‚úÖ[‚úîÔ∏èUPLAY‚úîÔ∏è] - x1930¬†UBISOFT¬†ACCOUNTS EMAIL:PASS [‚ú≥Ô∏èDAILY/WEEK ACCOUNTS‚ú≥Ô∏è]‚úÖ,https://darkforums.st/archive/index.php?thread-2687.html,0 Replies
3000000 UrlloginPass,https://darkforums.st/archive/index.php?thread-2677.html,0 Replies
x 1191 Netflix Cookies x4299 Spotify Cookies,https://darkforums.st/archive/index.php?thread-2676.html,0 Replies
‚úîÔ∏è[‚úÖHULU‚úÖ] - x463¬†HULU¬†ACCOUNTS EMAIL:PASS [‚ú≥Ô∏èDAILY/WEEK ACCOUNTS‚ú≥Ô∏è]‚úîÔ∏è,https://darkforums.st/archive/index.php?thread-2658.html,0 Replies
‚öïÔ∏è[‚ùÑÔ∏èDISNEY‚ùÑÔ∏è] - x1965¬†DISNEYPLUS¬†ACCOUNTS EMAIL:PASS [‚ú≥Ô∏èDAILY/WEEK ACCOUNTS‚ú≥Ô∏è]‚öïÔ∏è,https://darkforums.st/archive/index.php?thread-2655.html,0 Replies
1992 Reddit Cookies & facebook,https://darkforums.st/archive/index.php?thread-2625.html,0 Replies
‚úÖ[‚õîGRAMMARLY‚õî] - x594¬†GRAMMARLY¬†ACCOUNTS EMAIL:PASS [‚ú≥Ô∏èDAILY/WEEK ACCOUNTS‚ú≥Ô∏è]‚úÖ,https://darkforums.st/archive/index.php?thread-2619.html,0 Replies
‚ùÑÔ∏è[‚ö°UPLAY‚ö°] - x1139¬†UBISOFT¬†ACCOUNTS EMAIL:PASS [‚ú≥Ô∏èDAILY/WEEK ACCOUNTS‚ú≥Ô∏è]‚ùÑÔ∏è,https://darkforums.st/archive/index.php?thread-2618.html,0 Replies
‚öîÔ∏è[‚òÑÔ∏èSTARPLUS‚òÑÔ∏è] - x623¬†STARPLUS¬†ACCOUNTS EMAIL:PASS [‚ú≥Ô∏èDAILY/WEEK ACCOUNTS‚ú≥Ô∏è]‚öîÔ∏è,https://darkforums.st/archive/index.php?thread-2616.html,0 Replies
‚öïÔ∏è[‚ùÑÔ∏èDISNEY‚ùÑÔ∏è] - x1461¬†DISNEYPLUS¬†ACCOUNTS EMAIL:PASS [‚ú≥Ô∏èDAILY/WEEK ACCOUNTS‚ú≥Ô∏è]‚öïÔ∏è,https://darkforums.st/archive/index.php?thread-2613.html,0 Replies
‚≠ê[‚öïÔ∏èCRUNCHYROLL‚öïÔ∏è] - x921¬†CRUNCHYROLL¬†ACCOUNTS EMAIL:PASS [‚ú≥Ô∏èDAILY/WEEK ACCOUNTS‚ú≥Ô∏è]‚≠ê,https://darkforums.st/archive/index.php?thread-2612.html,0 Replies
150000000 lines urlogpass,https://darkforums.st/archive/index.php?thread-2604.html,0 Replies
x169 Netflix Cookies,https://darkforums.st/archive/index.php?thread-2603.html,0 Replies
"cookies mycanal,zalando,2captcha,facebook",https://darkforums.st/archive/index.php?thread-2602.html,0 Replies
‚úîÔ∏è‚úÖ‚≠ê[‚ù§Ô∏èNETFLIX‚ù§Ô∏è] - x361¬†NETFLIX COOKIES ACCOUNTS [‚òÑÔ∏èFRESHLY CHECKED‚òÑÔ∏è] DAY 75‚úîÔ∏è‚úÖ‚≠ê,https://darkforums.st/archive/index.php?thread-2594.html,0 Replies
url.login.pass 8.7 Gb,https://darkforums.st/archive/index.php?thread-2523.html,4 Replies
x1000 WP-ADMIN [Link - Login - Password],https://darkforums.st/archive/index.php?thread-54.html,16 Replies
x 7632 TikTok Cookies,https://darkforums.st/archive/index.php?thread-2542.html,2 Replies
‚öïÔ∏è[‚ö°UPLAY‚ö°] - x1234¬†UBISOFT¬†ACCOUNTS EMAIL:PASS [‚ú≥Ô∏èDAILY/WEEK ACCOUNTS‚ú≥Ô∏è]‚öïÔ∏è,https://darkforums.st/archive/index.php?thread-2571.html,0 Replies
‚úîÔ∏è‚úÖ‚≠ê[‚ù§Ô∏èNETFLIX‚ù§Ô∏è] - x673¬†NETFLIX COOKIES ACCOUNTS [‚òÑÔ∏èFRESHLY CHECKED‚òÑÔ∏è] DAY 73‚úîÔ∏è‚úÖ‚≠ê,https://darkforums.st/archive/index.php?thread-2514.html,6 Replies
‚ò¢Ô∏è‚ùÑÔ∏è‚õî[‚ú®UPWORK‚ú®] - x514¬†UPWORK¬†COOKIES¬†[‚òÑÔ∏èFRESHLY CHECKED‚òÑÔ∏è]‚ò¢Ô∏è‚ùÑÔ∏è‚õî,https://darkforums.st/archive/index.php?thread-2484.html,1 Reply
‚òÑÔ∏è[‚öïÔ∏èDISNEY‚öïÔ∏è] - x1283 DISNEYPLUS¬†EMAIL:PASS ACCOUNTS [‚ú≥Ô∏èDAILY/WEEK ACCOUNTS‚ú≥Ô∏è]‚òÑÔ∏è,https://darkforums.st/archive/index.php?thread-2528.html,1 Reply
"MEGA COMBO COOKIES facebook,amazon,ebay,etc",https://darkforums.st/archive/index.php?thread-2541.html,1 Reply
x331 Netflix Cookies,https://darkforums.st/archive/index.php?thread-2540.html,1 Reply
x358 Tiktok cookies and linkedln,https://darkforums.st/archive/index.php?thread-2526.html,3 Replies
‚úîÔ∏è‚úÖ‚≠ê[‚ò¢Ô∏èTIKTOK‚ò¢Ô∏è] - x1911¬†TIKTOK COOKIES¬†[‚òÑÔ∏èFRESHLY CHECKED‚òÑÔ∏è]‚úîÔ∏è‚úÖ‚≠ê,https://darkforums.st/archive/index.php?thread-2516.html,1 Reply
‚≠ê[‚ú®STARPLUS‚ú®] - x575¬†STARPLUS¬†EMAIL:PASS ACCOUNTS [‚ú≥Ô∏èDAILY/WEEK ACCOUNTS‚ú≥Ô∏è]‚≠ê,https://darkforums.st/archive/index.php?thread-2530.html,0 Replies
‚öîÔ∏è[‚úÖHULU‚úÖ] - x89¬†HULU¬†EMAIL:PASS ACCOUNTS [‚ú≥Ô∏èDAILY/WEEK ACCOUNTS‚ú≥Ô∏è]‚öîÔ∏è,https://darkforums.st/archive/index.php?thread-2529.html,0 Replies
X195 Netflix Cookies 11-03-2023,https://darkforums.st/archive/index.php?thread-2413.html,2 Replies
x7 EDU mails with passwords !,https://darkforums.st/archive/index.php?thread-115.html,28 Replies
x536 Netflix Standard Premium Cookies,https://darkforums.st/archive/index.php?thread-1644.html,2 Replies
795 x Netflix Cookies,https://darkforums.st/archive/index.php?thread-2463.html,4 Replies
‚úîÔ∏è‚ö°‚òÑÔ∏è[‚ú®YAHOO‚ú®] - x627¬†YAHOO¬†COOKIES ACCOUNTS¬†[‚òÑÔ∏èFRESHLY CHECKED‚òÑÔ∏è]‚úîÔ∏è‚ö°‚òÑÔ∏è,https://darkforums.st/archive/index.php?thread-2487.html,1 Reply
‚ö°‚òÑÔ∏è‚úîÔ∏è[‚≠êREDDIT‚≠ê] - x335¬†REDDIT¬†COOKIES¬†[‚òÑÔ∏èFRESHLY CHECKED‚òÑÔ∏è]‚ö°‚òÑÔ∏è‚úîÔ∏è,https://darkforums.st/archive/index.php?thread-2486.html,0 Replies
‚ùÑÔ∏è‚õî‚òÑÔ∏è[‚úÖ2CAPTCHA‚úÖ] - x99¬†2CAPTCHA¬†COOKIES¬†[‚òÑÔ∏èFRESHLY CHECKED‚òÑÔ∏è]‚ùÑÔ∏è‚õî‚òÑÔ∏è,https://darkforums.st/archive/index.php?thread-2485.html,0 Replies
‚ö°‚ú®‚≠ê[‚úîÔ∏èGODADDY‚úîÔ∏è] - x751¬†GODADDY¬†COOKIES¬†[‚òÑÔ∏èFRESHLY CHECKED‚òÑÔ∏è]‚ö°‚ú®‚≠ê,https://darkforums.st/archive/index.php?thread-2483.html,0 Replies
‚úîÔ∏è‚úÖ‚≠ê[‚ò¢Ô∏èTIKTOK‚ò¢Ô∏è] - x1624¬†TIKTOK COOKIES [0 TO 8K FOLLOWERS] [‚òÑÔ∏èFRESHLY CHECKED‚òÑÔ∏è]‚úîÔ∏è‚úÖ‚≠ê,https://darkforums.st/archive/index.php?thread-2482.html,0 Replies
2235 TIKTOK COOKIES x121 Facebook,https://darkforums.st/archive/index.php?thread-2464.html,3 Replies
x223 Netflix Cookies,https://darkforums.st/archive/index.php?thread-2442.html,1 Reply
‚õî[‚ö°UPLAY‚ö°] - x273 UBISOFT ACCOUNTS WITH CAPTURE [‚úÖFRESHLY CHECKED‚úÖ]‚õî,https://darkforums.st/archive/index.php?thread-2451.html,0 Replies
‚òÑÔ∏è[‚õîMEGA.NZ‚õî] - x634 MEGA.NZ ACCOUNTS HITS [‚úÖFRESHLY CHECKED‚úÖ]‚òÑÔ∏è ‚öîÔ∏èNO CAPTURE‚öîÔ∏è,https://darkforums.st/archive/index.php?thread-2449.html,0 Replies
x96 Ebay Cookies fresh,https://darkforums.st/archive/index.php?thread-2432.html,1 Reply
‚úîÔ∏è[‚ö°UPLAY‚ö°] - x271¬†UBISOFT¬†HITS¬†WITH CAPTURE [‚úÖFRESHLY CHECKED‚úÖ]‚úîÔ∏è,https://darkforums.st/archive/index.php?thread-2440.html,0 Replies
‚ú®[‚≠êCRUNCHYROLL‚≠ê] - X171 CRUNCHYROLL HITS WITH CAPTURE [‚úÖFRESHLY CHECKED‚úÖ]‚ú®,https://darkforums.st/archive/index.php?thread-2438.html,0 Replies
‚úÖ[‚ùÑÔ∏èDISNEY‚ùÑÔ∏è] - x41 DISNEYPLUS HITS WITH CAPTURE [‚ö°FRESHLY CHECKED‚ö°]‚úÖ,https://darkforums.st/archive/index.php?thread-2437.html,0 Replies
x219 Netflix Cookies fresh,https://darkforums.st/archive/index.php?thread-2433.html,0 Replies
"Combo mix LinkedIn  x 1734TikTok Cookies yahoo,reddit etc",https://darkforums.st/archive/index.php?thread-2415.html,0 Replies
x839 Netflix Cookies,https://darkforums.st/archive/index.php?thread-2348.html,7 Replies
1.5k more razer.com [Not all have payment method],https://darkforums.st/archive/index.php?thread-481.html,4 Replies
x12 Netflix Cookies 30.10.2023,https://darkforums.st/archive/index.php?thread-2376.html,2 Replies
x3600 MEGA.NZ ACCOUNTS [FULL LOGS] valid,https://darkforums.st/archive/index.php?thread-100.html,15 Replies
x179 TikTok Cookies,https://darkforums.st/archive/index.php?thread-2176.html,3 Replies
x500 Molotov.tv accounts !,https://darkforums.st/archive/index.php?thread-118.html,3 Replies
x873 Netflix Cookie fresh,https://darkforums.st/archive/index.php?thread-2320.html,1 Reply
MINI COMBO COOKIES PSN.YAHOO REDDIT,https://darkforums.st/archive/index.php?thread-2298.html,1 Reply
bangladesh goverment mail acess selling,https://darkforums.st/archive/index.php?thread-2303.html,0 Replies
"combo #6  x666 steam,yahoo,twitch,googlepay more",https://darkforums.st/archive/index.php?thread-2097.html,3 Replies
x649 Netflix Cookies,https://darkforums.st/archive/index.php?thread-2296.html,0 Replies
huge combo cookies 3374 twitch 2421 yahoo more,https://darkforums.st/archive/index.php?thread-2295.html,0 Replies
huge combo cookies 3374 twitch 2421 yahoo more,https://darkforums.st/archive/index.php?thread-2284.html,0 Replies
"12,307 TikTok Cookies compilation PART 2",https://darkforums.st/archive/index.php?thread-2277.html,0 Replies
"x16,123 TikTok Cookies compilation part 1",https://darkforums.st/archive/index.php?thread-2276.html,0 Replies
X213 NETFLIX COOKIES 10-25-2023,https://darkforums.st/archive/index.php?thread-2234.html,0 Replies
"mega combo cookies 1,736  Yahoo,steam,twitter,reddit more",https://darkforums.st/archive/index.php?thread-2230.html,1 Reply
x300 NETFLIX COOKIES 10-22-2023,https://darkforums.st/archive/index.php?thread-2215.html,1 Reply
"Mix combo cookies yahoo,steam etc",https://darkforums.st/archive/index.php?thread-2218.html,0 Replies
x38 Disney Premium,https://darkforums.st/archive/index.php?thread-153.html,4 Replies
"3,646 x NETFLIX COOKIES 10-21-2023",https://darkforums.st/archive/index.php?thread-2204.html,0 Replies
"3,646 x NETFLIX COOKIES 10-21-2023",https://darkforums.st/archive/index.php?thread-2203.html,0 Replies
x121 ¬†netflix cookies,https://darkforums.st/archive/index.php?thread-2194.html,2 Replies
180x Netflix Accounts,https://darkforums.st/archive/index.php?thread-37.html,17 Replies
"x1,728 Netflix Cookies",https://darkforums.st/archive/index.php?thread-2175.html,1 Reply
x86  netflix cookies 10-19-2023,https://darkforums.st/archive/index.php?thread-2174.html,0 Replies
"x2,115 Netflix Cookies 10-16-2023",https://darkforums.st/archive/index.php?thread-2140.html,1 Reply
x49 Netflix Cookies,https://darkforums.st/archive/index.php?thread-2068.html,5 Replies
x103 netflix premium Account Cracked 2023/01/30,https://darkforums.st/archive/index.php?thread-271.html,17 Replies
x848 Netflix Cookies all fresh 10-13-2023,https://darkforums.st/archive/index.php?thread-2096.html,4 Replies
freshest twitter hits (95k lines),https://darkforums.st/archive/index.php?thread-872.html,9 Replies
x815 Netflix Cookies Valid,https://darkforums.st/archive/index.php?thread-450.html,16 Replies
x29 netflix cookies 10-14-2023,https://darkforums.st/archive/index.php?thread-2117.html,0 Replies
"x4,969 Yahoo Cookies",https://darkforums.st/archive/index.php?thread-1732.html,1 Reply
X127 Netflix Cookies 10-6-2023  very hot,https://darkforums.st/archive/index.php?thread-1987.html,12 Replies
x233 Netflix Cookies,https://darkforums.st/archive/index.php?thread-2027.html,1 Reply
350 netflix cookies,https://darkforums.st/archive/index.php?thread-2018.html,0 Replies
x836 Reddit Cookies,https://darkforums.st/archive/index.php?thread-2015.html,0 Replies
x25 Netflix Cookies,https://darkforums.st/archive/index.php?thread-2014.html,0 Replies
"combo cookies streaming netflix,tiktok,steam,reddit etc.",https://darkforums.st/archive/index.php?thread-1906.html,2 Replies
"Big combo #3 cookies yahoo,steam,reddit more",https://darkforums.st/archive/index.php?thread-1996.html,0 Replies
Italika Mexico point of sale,https://darkforums.st/archive/index.php?thread-1680.html,2 Replies
"Combo #3 cookies netflix,reddit,yahoo ,etc",https://darkforums.st/archive/index.php?thread-1943.html,0 Replies
x342 Netflix Cookies,https://darkforums.st/archive/index.php?thread-1934.html,0 Replies
x450 Netflix Standard Cookies 10-1-2023,https://darkforums.st/archive/index.php?thread-1915.html,0 Replies
"big combo cookies tiktok,reddit etc",https://darkforums.st/archive/index.php?thread-1897.html,0 Replies
x197 Netflix Cookies,https://darkforums.st/archive/index.php?thread-1896.html,0 Replies
x213 Netflix Cookies,https://darkforums.st/archive/index.php?thread-1883.html,0 Replies
"x1,149 TikTok Cookies,x23 Freebitco.in Cookies more",https://darkforums.st/archive/index.php?thread-1863.html,0 Replies
x623 Netflix Cookies 9-28-2023,https://darkforums.st/archive/index.php?thread-1862.html,0 Replies
x693 Reddit Cookies,https://darkforums.st/archive/index.php?thread-1861.html,0 Replies
x11 GooglePay Cookies,https://darkforums.st/archive/index.php?thread-1860.html,0 Replies
x8 Facebook Cookies,https://darkforums.st/archive/index.php?thread-1859.html,0 Replies
x142 WordPress Cookies,https://darkforums.st/archive/index.php?thread-1834.html,0 Replies
x40  Amazon Cookies,https://darkforums.st/archive/index.php?thread-1833.html,0 Replies
x11 YouTube Cookies,https://darkforums.st/archive/index.php?thread-1832.html,0 Replies
x391 Yahoo Cookies,https://darkforums.st/archive/index.php?thread-1808.html,0 Replies
x230 Reddit Cookies,https://darkforums.st/archive/index.php?thread-1806.html,0 Replies
WordPress  Instagram Amazon instant-Gaming Freebitco.in Twitter cookies,https://darkforums.st/archive/index.php?thread-1777.html,0 Replies
X6 Netflix Cookies=X46 Twitch Cookies=X102 Steam Cookies=X171 Reddit Cookies=X234 Tik,https://darkforums.st/archive/index.php?thread-1776.html,0 Replies
x10 NETFLIX ACCOUNTS - FRESH # 6/12/2022,https://darkforums.st/archive/index.php?thread-32.html,5 Replies
X2792 Netflix Premium Standard Basic 2K 4K,https://darkforums.st/archive/index.php?thread-691.html,36 Replies
"x3,477 TikTok Cookies",https://darkforums.st/archive/index.php?thread-1754.html,1 Reply
x849 Steam Cookies,https://darkforums.st/archive/index.php?thread-1758.html,0 Replies
x18 Instant-Gaming Cookies-x27 Freebitco.in Cookies-x171 WordPress Cookies-x381 Gensh,https://darkforums.st/archive/index.php?thread-1757.html,0 Replies
x635 Reddit Cookies,https://darkforums.st/archive/index.php?thread-1756.html,0 Replies
x508 Netflix Cookies.,https://darkforums.st/archive/index.php?thread-1755.html,0 Replies
"x1,152 Yahoo Cookies.",https://darkforums.st/archive/index.php?thread-1753.html,0 Replies
"x1,041 Twitch Cookies",https://darkforums.st/archive/index.php?thread-1752.html,0 Replies
x1416 Twitch Cookies,https://darkforums.st/archive/index.php?thread-1736.html,0 Replies
x489 Netflix Cookies,https://darkforums.st/archive/index.php?thread-1735.html,0 Replies
x338 WordPress Cookies,https://darkforums.st/archive/index.php?thread-1734.html,0 Replies
x12 Facebook Cookies,https://darkforums.st/archive/index.php?thread-1733.html,0 Replies
"x 5,378 TikTok Cookies",https://darkforums.st/archive/index.php?thread-1729.html,0 Replies
x908 TikTok Cookies,https://darkforums.st/archive/index.php?thread-1691.html,0 Replies
x303 Netflix Cookies,https://darkforums.st/archive/index.php?thread-1690.html,0 Replies
x764 Yahoo Cookies,https://darkforums.st/archive/index.php?thread-1671.html,0 Replies
x645 Twitch Cookies,https://darkforums.st/archive/index.php?thread-1670.html,0 Replies
yahoo x52 cookies,https://darkforums.st/archive/index.php?thread-1669.html,0 Replies
x21 GooglePay Cookies,https://darkforums.st/archive/index.php?thread-1668.html,0 Replies
x 1281 TikTok Cookies,https://darkforums.st/archive/index.php?thread-1663.html,0 Replies
facebook x341 cookies,https://darkforums.st/archive/index.php?thread-1649.html,0 Replies
Netflix Cookies,https://darkforums.st/archive/index.php?thread-1636.html,0 Replies
x101 GooglePay Cookies,https://darkforums.st/archive/index.php?thread-1610.html,1 Reply
x470 ¬†TikTok Cookies,https://darkforums.st/archive/index.php?thread-1625.html,0 Replies
x289 Yahoo Cookies,https://darkforums.st/archive/index.php?thread-1624.html,0 Replies
x42 Netflix Cookies,https://darkforums.st/archive/index.php?thread-1623.html,0 Replies
x600 TikTok Cookies,https://darkforums.st/archive/index.php?thread-1617.html,0 Replies
x292 Reddit Cookies,https://darkforums.st/archive/index.php?thread-1614.html,0 Replies
x54 Amazon Cookies,https://darkforums.st/archive/index.php?thread-1608.html,1 Reply
x78 netflix cookies,https://darkforums.st/archive/index.php?thread-1577.html,0 Replies
x16 Yahoo  - paypal Cookies 9-15-2023,https://darkforums.st/archive/index.php?thread-1565.html,0 Replies
x3 Netflix Cookies,https://darkforums.st/archive/index.php?thread-1564.html,0 Replies
x245 Netflix  Cookies fresh,https://darkforums.st/archive/index.php?thread-1554.html,0 Replies
x362 Netflix Cookies,https://darkforums.st/archive/index.php?thread-1546.html,1 Reply
x1337 Yahoo Cookies,https://darkforums.st/archive/index.php?thread-1547.html,0 Replies
x150 WordPress Cookies,https://darkforums.st/archive/index.php?thread-1545.html,0 Replies
x 1171 yahoo cookies,https://darkforums.st/archive/index.php?thread-1543.html,0 Replies
x378 TikTok Cookies fresh,https://darkforums.st/archive/index.php?thread-1523.html,1 Reply
x45 Netflix Cookies fresh,https://darkforums.st/archive/index.php?thread-1541.html,0 Replies
x540 WP-ADMIN ACCES FULL VALID,https://darkforums.st/archive/index.php?thread-53.html,19 Replies
x 2188 facebook cookies fresh,https://darkforums.st/archive/index.php?thread-1522.html,0 Replies
x29 WordPress Cookies,https://darkforums.st/archive/index.php?thread-1499.html,0 Replies
facebook x4656 cookies,https://darkforums.st/archive/index.php?thread-1498.html,0 Replies
amazon ¬†x5256 cookies,https://darkforums.st/archive/index.php?thread-1496.html,0 Replies
x600 Netflix Basic Stardard Premium Cookies,https://darkforums.st/archive/index.php?thread-1493.html,0 Replies
x400 Cookies Netflix 9-9-2023,https://darkforums.st/archive/index.php?thread-1479.html,0 Replies
Vacban invite links,https://darkforums.st/archive/index.php?thread-1431.html,0 Replies
300 more Razer.com accounts,https://darkforums.st/archive/index.php?thread-419.html,8 Replies
+150 VALID CPANEL,https://darkforums.st/archive/index.php?thread-227.html,14 Replies
x61 CPANEL ACCES | Full Valid,https://darkforums.st/archive/index.php?thread-446.html,13 Replies
x380 AdminPanel | Full Valid,https://darkforums.st/archive/index.php?thread-95.html,11 Replies
Cpanel x416 [Link - Login - Password - Domains],https://darkforums.st/archive/index.php?thread-352.html,22 Replies
Netflix premium x100 cookies,https://darkforums.st/archive/index.php?thread-264.html,12 Replies
x66 Admin Panel .GOV [Full valid],https://darkforums.st/archive/index.php?thread-249.html,2 Replies
300 CPANEL ACCES + LIST DOMAINS,https://darkforums.st/archive/index.php?thread-172.html,10 Replies
x280 CPANEL ACCES | Full Valid,https://darkforums.st/archive/index.php?thread-402.html,21 Replies
WP-ADMIN Acces x450 Valid,https://darkforums.st/archive/index.php?thread-269.html,12 Replies
Hidemyass.com 15K,https://darkforums.st/archive/index.php?thread-483.html,12 Replies
My first combolist (92 lines mail:pass),https://darkforums.st/archive/index.php?thread-111.html,2 Replies
50 Premium Spotify Cookies - Capture,https://darkforums.st/archive/index.php?thread-46.html,11 Replies
40k maillist RUSSIA fresh private !!,https://darkforums.st/archive/index.php?thread-77.html,5 Replies
2k razer.com [not all have payment method],https://darkforums.st/archive/index.php?thread-480.html,3 Replies
100k MIX UHQ mail:pass,https://darkforums.st/archive/index.php?thread-295.html,5 Replies
"300x Razor.com Accounts (Some with payment method, Some Without)",https://darkforums.st/archive/index.php?thread-399.html,0 Replies
222x Disney+ with Capture,https://darkforums.st/archive/index.php?thread-160.html,6 Replies
Disney Premium 39X,https://darkforums.st/archive/index.php?thread-134.html,0 Replies
